Article.asp?id=31&classid=6&articleid=117869,丰县生态环境局关于作出竣工环境保护验收决定的建设项目（固体废物部分）公示  
Article.asp?id=31&classid=6&articleid=117868,丰县生态环境局关于作出竣工环境保护验收决定的建设项目（固体废物部分）公示  
Article.asp?id=31&classid=6&articleid=117866,丰县生态环境局关于作出竣工环境保护验收决定的建设项目（固体废物部分）公示  
Article.asp?id=31&classid=6&articleid=117807,丰县生态环境局关于对已批准丰县港口建设发展有限公司建设项目环境影响评价文件审批情况的公示
Article.asp?id=31&classid=6&articleid=117806,丰县生态环境局关于对已批准建设项目环境影响评价文件审批情况的公示
Article.asp?id=31&classid=6&articleid=117709,丰县生态环境局关于受理并拟批准丰县港口建设发展有限公司建设项目环境影响评价文件的公示
Article.asp?id=31&classid=6&articleid=117672,丰县生态环境局关于作出竣工环境保护验收决定的建设项目（固体废物部分）公示  
Article.asp?id=31&classid=6&articleid=117526,丰县生态环境局关于作出竣工环境保护验收决定的建设项目（固体废物部分）公示  
Article.asp?id=31&classid=6&articleid=117511,丰县生态环境局关于作出竣工环境保护验收决定的建设项目（固体废物部分）公示
Article.asp?id=31&classid=6&articleid=117467,丰县生态环境局关于对已批准江苏极易新材料有限公司建设项目环境影响评价文件审批情况的公示
Article.asp?id=31&classid=6&articleid=117386,丰县生态环境局关于受理并拟批准江苏极易新材料有限公司建设项目环境影响评价文件的公示
Article.asp?id=31&classid=6&articleid=117359,丰县生态环境局关于对已批准江苏都盛机车有限公司建设项目环境影响评价文件审批情况的公示
Article.asp?id=31&classid=6&articleid=117358,丰县环境保护局关于对已批准徐州大鼎机械科技有限公司建设项目环境影响评价文件审批情况的公示
Article.asp?id=31&classid=6&articleid=117336,丰县生态环境局关于作出竣工环境保护验收决定的建设项目（固体废物部分）公示  
Article.asp?id=31&classid=6&articleid=117333,丰县生态环境局关于作出竣工环境保护验收决定的建设项目（固体废物部分）公示  
Article.asp?id=31&classid=6&articleid=117330,丰县生态环境局关于作出竣工环境保护验收决定的建设项目（固体废物部分）公示 
Article.asp?id=31&classid=6&articleid=117288,丰县生态环境局关于作出竣工环境保护验收决定的建设项目（固体废物部分）公示
Article.asp?id=31&classid=6&articleid=117286,丰县生态环境局关于作出竣工环境保护验收决定的建设项目（固体废物部分）公示
Article.asp?id=31&classid=6&articleid=117284,丰县生态环境局关于作出竣工环境保护验收决定的建设项目（固体废物部分）公示  
Article.asp?id=31&classid=6&articleid=117263,丰县生态环境局关于受理并拟批准江苏都盛机车有限公司建设项目环境影响评价文件的公示
Article.asp?id=31&classid=6&articleid=117258,丰县生态环境局关于受理并拟批准徐州大鼎机械科技有限公司建设项目环境影响评价文件的公示
Article.asp?id=31&classid=6&articleid=117181,丰县生态环境局关于作出竣工环境保护验收决定的建设项目（固体废物部分）公示 
Article.asp?id=31&classid=6&articleid=117167,丰县生态环境局关于对已批准江苏弘德环保科技有限公司建设项目环境影响评价文件审批情况的公示
Article.asp?id=31&classid=6&articleid=117121,丰县生态环境局关于作出竣工环境保护验收决定的建设项目（固体废物部分）公示 
Article.asp?id=31&classid=6&articleid=117120,丰县生态环境局关于作出竣工环境保护验收决定的建设项目（固体废物部分）公示  
Article.asp?id=31&classid=6&articleid=117059,丰县环境保护局关于对已批准丰县恒发液化气有限公司建设项目环境影响评价文件审批情况的公示
Article.asp?id=31&classid=6&articleid=116926,丰县生态环境局关于作出竣工环境保护验收决定的建设项目（固体废物部分）公示  
Article.asp?id=31&classid=6&articleid=116921,关于撤销部分企业建设项目环境影响登记表备案的公告
Article.asp?id=31&classid=6&articleid=116893,丰县生态环境局关于作出竣工环境保护验收决定的建设项目（固体废物部分）公示  
Article.asp?id=31&classid=6&articleid=116892,丰县生态环境局关于作出竣工环境保护验收决定的建设项目（固体废物部分）公示  
Article.asp?id=31&classid=6&articleid=116878,丰县生态环境局关于作出竣工环境保护验收决定的建设项目（固体废物部分）公示  
Article.asp?id=31&classid=6&articleid=116869,丰县生态环境局关于作出竣工环境保护验收决定的建设项目（固体废物部分）公示  
Article.asp?id=31&classid=6&articleid=116864,丰县生态环境局关于作出竣工环境保护验收决定的建设项目（固体废物部分）公示  
Article.asp?id=31&classid=6&articleid=116848,丰县生态环境局开展大气监测站周边工业企业环境综合整治会议
Article.asp?id=31&classid=6&articleid=116799,丰县环境保护局关于对已批准徐州瑞玻研磨科技有限公司建设项目环境影响评价文件审批情况的公示
Article.asp?id=31&classid=6&articleid=116797,丰县环境保护局关于受理并拟批准丰县恒发液化气有限公司建设项目环境影响评价文件的公示
Article.asp?id=31&classid=6&articleid=116792,丰县环境保护局关于对已批准对徐州雷润木业有限公司建设项目环境影响评价文件审批情况的公示
Article.asp?id=31&classid=6&articleid=116684,丰县环境保护局关于拟批准徐州雷润木业有限公司建设项目环境影响评价文件的公示
Article.asp?id=31&classid=6&articleid=116667,丰县环境保护局关于受理并拟批准徐州瑞玻研磨科技有限公司建设项目环境影响评价文件的公示
Article.asp?id=31&classid=6&articleid=116661,丰县生态环境局关于作出竣工环境保护验收决定的建设项目（固体废物部分）公示 
Article.asp?id=31&classid=6&articleid=116657,丰县生态环境局关于作出竣工环境保护验收决定的建设项目（固体废物部分）公示  
Article.asp?id=31&classid=6&articleid=116656,关于撤销部分企业建设项目环境影响登记表备案的公告
Article.asp?id=31&classid=6&articleid=116646,丰县环境保护局关于对已批准丰县王沟农机加油站建设项目环境影响评价文件审批情况的公示
Article.asp?id=31&classid=6&articleid=116645,丰县环境保护局关于对已批准徐州美苏电动车有限公司建设项目环境影响评价文件审批情况的公示
Article.asp?id=31&classid=6&articleid=116644,丰县环境保护局关于对已批准丰县杲度木业有限公司建设项目环境影响评价文件审批情况的公示
Article.asp?id=31&classid=6&articleid=116641,丰县生态环境局关于作出竣工环境保护验收决定的建设项目（固体废物部分）公示  
Article.asp?id=31&classid=6&articleid=116600,丰县环境保护局关于对已批准江苏优直智能科技有限公司建设项目环境影响评价文件审批情况的公示
Article.asp?id=31&classid=6&articleid=116564,丰县环境保护局关于受理并拟批准丰县王沟农机加油站建设项目环境影响评价文件的公示
Article.asp?id=31&classid=6&articleid=116563,丰县环境保护局关于受理并拟批准徐州美苏电动车有限公司建设项目环境影响评价文件的公示
Article.asp?id=31&classid=6&articleid=116538,丰县环境保护局关于拟批准丰县杲度木业有限公司建设项目环境影响评价文件的公示
Article.asp?id=31&classid=6&articleid=116457,丰县环境保护局关于拟批准江苏弘德环保科技有限公司建设项目环境影响评价文件的公示
Article.asp?id=31&classid=6&articleid=116435,丰县环境保护局关于受理并拟批准江苏优直智能科技有限公司建设项目环境影响评价文件的公示
Article.asp?id=31&classid=6&articleid=116429,丰县环境保护局关于对已批准徐州市晶鑫新材料有限公司建设项目环境影响评价文件审批情况的公示
Article.asp?id=31&classid=6&articleid=116428,丰县生态环境局关于作出竣工环境保护验收决定的建设项目（固体废物部分）公示 
Article.asp?id=31&classid=6&articleid=116427,丰县生态环境局关于作出竣工环境保护验收决定的建设项目（固体废物部分）公示 
Article.asp?id=31&classid=6&articleid=116426,丰县生态环境局关于作出竣工环境保护验收决定的建设项目（固体废物部分）公示  
Article.asp?id=31&classid=6&articleid=116389,丰县环境保护局关于受理徐州雷润木业有限公司建设项目环境影响评价文件的公示
Article.asp?id=31&classid=6&articleid=116354,丰县生态环境局关于作出竣工环境保护验收决定的建设项目（固体废物部分）公示 
Article.asp?id=31&classid=6&articleid=116352,丰县生态环境局关于作出竣工环境保护验收决定的建设项目（固体废物部分）公示  
Article.asp?id=31&classid=6&articleid=116341,丰县环境保护局关于受理并拟批准徐州市晶鑫新材料有限公司建设项目环境影响评价文件的公示
Article.asp?id=31&classid=6&articleid=116274,丰县生态环境局关于作出竣工环境保护验收决定的建设项目（固体废物部分）公示  
Article.asp?id=31&classid=6&articleid=116273,丰县环境保护局关于受理丰县杲度木业有限公司建设项目环境影响评价文件的公示
Article.asp?id=31&classid=6&articleid=116268,丰县环境保护局关于对已批准丰县大沙河镇人民政府建设项目环境影响评价文件审批情况的公示
Article.asp?id=31&classid=6&articleid=116267,丰县环境保护局关于对已批准徐州巨荣智能科技有限公司建设项目环境影响评价文件审批情况的公示
Article.asp?id=31&classid=6&articleid=116256,丰县生态环境局关于作出竣工环境保护验收决定的建设项目（固体废物部分）公示 
Article.asp?id=31&classid=6&articleid=116211,丰县环境保护局关于对已批准江苏克鲁森智能科技有限公司建设项目环境影响评价文件审批情况的公示
Article.asp?id=31&classid=6&articleid=116210,丰县环境保护局关于受理并拟批准丰县大沙河镇人民政府建设项目环境影响评价文件的公示
Article.asp?id=31&classid=6&articleid=116209,丰县环境保护局关于受理并拟批准徐州巨荣智能科技有限公司建设项目环境影响评价文件的公示
Article.asp?id=31&classid=6&articleid=116164,丰县环境保护局关于受理江苏弘德环保科技有限公司建设项目环境影响评价文件的公示
Article.asp?id=31&classid=6&articleid=116120,丰县生态环境局关于作出竣工环境保护验收决定的建设项目（固体废物部分）公示
Article.asp?id=31&classid=6&articleid=116119,丰县生态环境局关于作出竣工环境保护验收决定的建设项目（固体废物部分）公示
Article.asp?id=31&classid=6&articleid=116118,丰县生态环境局关于作出竣工环境保护验收决定的建设项目（固体废物部分）公示  
Article.asp?id=31&classid=6&articleid=116117,丰县生态环境局关于作出竣工环境保护验收决定的建设项目（固体废物部分）公示  
Article.asp?id=31&classid=6&articleid=116116,丰县生态环境局关于作出竣工环境保护验收决定的建设项目（固体废物部分）公示  
Article.asp?id=31&classid=6&articleid=116115,丰县生态环境局关于作出竣工环境保护验收决定的建设项目（固体废物部分）公示  
Article.asp?id=31&classid=6&articleid=116114,丰县生态环境局关于作出竣工环境保护验收决定的建设项目（固体废物部分）公示  
Article.asp?id=31&classid=6&articleid=116113,丰县生态环境局关于作出竣工环境保护验收决定的建设项目（固体废物部分）公示  
Article.asp?id=31&classid=6&articleid=116112,丰县生态环境局关于作出竣工环境保护验收决定的建设项目（固体废物部分）公示  
Article.asp?id=31&classid=6&articleid=116088,丰县环境保护局关于作出竣工环境保护验收决定的建设项目（固体废物部分）公示  
Article.asp?id=31&classid=6&articleid=116031,丰县环境保护局关于受理并拟批准江苏克鲁森智能科技有限公司建设项目环境影响评价文件的公示
Article.asp?id=31&classid=6&articleid=116021,丰县环境保护局关于对已批准丰县顺河镇人民政府建设项目环境影响评价文件审批情况的公示
Article.asp?id=31&classid=6&articleid=116020,丰县环境保护局关于对已批准江苏君盛创业投资有限公司建设项目环境影响评价文件审批情况的公示
Article.asp?id=31&classid=6&articleid=116019,丰县环境保护局关于对已批准济徐能源有限公司建设项目环境影响评价文件审批情况的公示
Article.asp?id=31&classid=6&articleid=116013,丰县环境保护局关于作出竣工环境保护验收决定的建设项目（固体废物部分）公示 
Article.asp?id=31&classid=6&articleid=115956,丰县环境保护局关于对已批准丰县中合农产品市场发展有限公司建设项目环境影响评价文件审批情况的公示
Article.asp?id=31&classid=6&articleid=115953,丰县环境保护局关于受理并拟批准丰县中合农产品市场发展有限公司建设项目环境影响评价文件的公示
Article.asp?id=31&classid=6&articleid=115899,丰县环境保护局关于对已批准徐州欧冠建材有限公司建设项目环境影响评价文件审批情况的公示
Article.asp?id=31&classid=6&articleid=115892,丰县环境保护局关于作出竣工环境保护验收决定的建设项目（固体废物部分）公示
Article.asp?id=31&classid=6&articleid=115891,丰县环境保护局关于受理并拟批准江苏君盛创业投资有限公司建设项目环境影响评价文件的公示
Article.asp?id=31&classid=6&articleid=115883,丰县环境保护局关于对已批准徐州迅启木业有限公司建设项目环境影响评价文件审批情况的公示
Article.asp?id=31&classid=6&articleid=115858,丰县环境保护局关于受理并拟批准济徐能源有限公司建设项目环境影响评价文件的公示
Article.asp?id=31&classid=6&articleid=115839,丰县环境保护局关于拟批准丰县顺河镇人民政府丰县新型建材产业园总体规划环境影响评价文件的公示
Article.asp?id=31&classid=6&articleid=115825,丰县环境保护局关于对已批准江苏众人木业有限公司建设项目环境影响评价文件审批情况的公示
Article.asp?id=31&classid=6&articleid=115821,丰县环境保护局关于作出竣工环境保护验收决定的建设项目（固体废物部分）公示  
Article.asp?id=31&classid=6&articleid=115820,丰县环境保护局关于对已批准徐州天助商品混凝土有限公司建设项目环境影响评价文件审批情况的公示
Article.asp?id=31&classid=6&articleid=115779,丰县环境保护局关于拟批准徐州欧冠建材有限公司建设项目环境影响评价文件的公示
Article.asp?id=31&classid=6&articleid=115772,丰县环境保护局关于作出竣工环境保护验收决定的建设项目（固体废物部分）公示  
Article.asp?id=31&classid=6&articleid=115771,丰县环境保护局关于作出竣工环境保护验收决定的建设项目（固体废物部分）公示  
Article.asp?id=31&classid=6&articleid=115770,丰县环境保护局关于作出竣工环境保护验收决定的建设项目（固体废物部分）公示
Article.asp?id=31&classid=6&articleid=115767,丰县环境保护局关于作出竣工环境保护验收决定的建设项目（固体废物部分）公示  
Article.asp?id=31&classid=6&articleid=115766,丰县环境保护局关于作出竣工环境保护验收决定的建设项目（固体废物部分）公示  
Article.asp?id=31&classid=6&articleid=115765,丰县环境保护局关于作出竣工环境保护验收决定的建设项目（固体废物部分）公示  
Article.asp?id=31&classid=6&articleid=115763,丰县环境保护局关于受理并拟批准徐州迅启木业有限公司建设项目环境影响评价文件的公示
Article.asp?id=31&classid=6&articleid=115700,丰县环境保护局关于受理并拟批准江苏众人木业有限公司建设项目环境影响评价文件的公示
Article.asp?id=31&classid=6&articleid=115665,丰县环境保护局关于作出竣工环境保护验收决定的建设项目（固体废物部分）公示 
Article.asp?id=31&classid=6&articleid=115663,丰县环境保护局关于作出竣工环境保护验收决定的建设项目（固体废物部分）公示  
Article.asp?id=31&classid=6&articleid=115616,丰县环境保护局关于作出竣工环境保护验收决定的建设项目（固体废物部分）公示  
Article.asp?id=31&classid=6&articleid=115599,丰县环境保护局关于受理并拟批准徐州天助商品混凝土有限公司建设项目环境影响评价文件的公示
Article.asp?id=31&classid=6&articleid=115589,丰县环境保护局关于受理丰县顺河镇人民政府丰县新型建材产业园总体规划环境影响评价文件的公示
Article.asp?id=31&classid=6&articleid=115542,丰县环境保护局关于作出竣工环境保护验收决定的建设项目（固体废物部分）公示  
Article.asp?id=31&classid=6&articleid=115541,丰县生态环境局利用“5.12全国防灾减灾日”宣传环保法律法规
Article.asp?id=31&classid=6&articleid=115524,丰县环境保护局关于对已批准江苏克鲁森智能科技有限公司建设项目环境影响评价文件审批情况的公示
Article.asp?id=31&classid=6&articleid=115523,丰县环境保护局关于对已批准丰县欢口镇欢口粮油管理所建设项目环境影响评价文件审批情况的公示
Article.asp?id=31&classid=6&articleid=115518,丰县环境保护局关于受理并拟批准江苏克鲁森智能科技有限公司建设项目环境影响评价文件的公示
Article.asp?id=31&classid=6&articleid=115481,丰县环境保护局关于受理徐州欧冠建材有限公司建设项目环境影响评价文件的公示
Article.asp?id=31&classid=6&articleid=115480,丰县环境保护局关于对已批准江苏速利达机车有限公司建设项目环境影响评价文件审批情况的公示
Article.asp?id=31&classid=6&articleid=115436,丰县环境保护局关于作出竣工环境保护验收决定的建设项目（固体废物部分）公示  
Article.asp?id=31&classid=6&articleid=115435,丰县环境保护局关于作出竣工环境保护验收决定的建设项目（固体废物部分）公示  
Article.asp?id=31&classid=6&articleid=115426,丰县环境保护局关于对已批准徐州专用汽车有限责任公司建设项目环境影响评价文件审批情况的公示
Article.asp?id=31&classid=6&articleid=115389,丰县环境保护局关于受理并拟批准江苏速利达机车有限公司建设项目环境影响评价文件的公示
Article.asp?id=31&classid=6&articleid=115383,丰县环境保护局关于对已批准江苏立晶工业科技有限公司建设项目环境影响评价文件审批情况的公示
Article.asp?id=31&classid=6&articleid=115367,丰县环境保护局关于受理并拟批准丰县欢口镇欢口粮油管理所建设项目环境影响评价文件的公示
Article.asp?id=31&classid=6&articleid=115363,丰县环境保护局关于对已批准光大丰县生活垃圾焚烧发电建设项目环境影响评价文件审批情况的公示
Article.asp?id=31&classid=6&articleid=115358,丰县环境保护局关于受理并拟批准徐州专用汽车有限责任公司建设项目环境影响评价文件的公示
Article.asp?id=31&classid=6&articleid=115336,徐州市生态环境局领导徐伟一行来丰检查“绿色学校”创建工作
Article.asp?id=31&classid=6&articleid=115296,丰县环境保护局关于受理并拟批准江苏立晶工业科技有限公司建设项目环境影响评价文件的公示
Article.asp?id=31&classid=6&articleid=115221,江苏卓扬纸业有限公司年产12 万吨服装裁剪及包装用纸项目环境影响评价公示信息（第一次公示）
Article.asp?id=31&classid=6&articleid=115182,丰县环境保护局关于对已批准徐州广瑞木业有限公司建设项目环境影响评价文件审批情况的公示
Article.asp?id=31&classid=6&articleid=115155,丰县环境保护局关于对已批准徐州众磊建材科技有限公司建设项目环境影响评价文件审批情况的公示
Article.asp?id=31&classid=6&articleid=115152,丰县环境保护局关于拟批准光大绿色环保城乡再生能源（丰县）有限公司建设项目环境影响评价文件的公示
Article.asp?id=31&classid=6&articleid=115148,丰县环境保护局关于对已批准徐州鼎峰木业有限公司建设项目环境影响评价文件审批情况的公示
Article.asp?id=31&classid=6&articleid=115146,丰县环境保护局关于对已批准徐州佳昂木业有限公司建设项目环境影响评价文件审批情况的公示
Article.asp?id=31&classid=6&articleid=115110,徐州市丰县生态环境局挂牌成立
Article.asp?id=31&classid=6&articleid=115091,县委第四巡察组巡察县生态环境局党组情况反馈会议召开
Article.asp?id=31&classid=6&articleid=115084,丰县环境保护局关于受理并拟批准徐州广瑞木业有限公司建设项目环境影响评价文件的公示
Article.asp?id=31&classid=6&articleid=115064,丰县环境保护局关于受理并拟批准的徐州众磊建材科技有限公司  建设项目环境影响评价文件的公示
Article.asp?id=31&classid=6&articleid=114957,丰县环境保护局关于对已批准丰县华宏顺液化气销售有限公司建设项目环境影响评价文件审批情况的公示
Article.asp?id=31&classid=6&articleid=114956,丰县环境保护局关于对已批准徐州招贤燃气有限公司建设项目环境影响评价文件审批情况的公示
Article.asp?id=31&classid=6&articleid=114955,丰县环境保护局关于对已批准丰县华泰燃气有限公司建设项目环境影响评价文件审批情况的公示
Article.asp?id=31&classid=6&articleid=114952,丰县环境保护局关于对已批准徐州宗奇燃气有限公司建设项目环境影响评价文件审批情况的公示
Article.asp?id=31&classid=6&articleid=114951,丰县环境保护局关于对已批准丰县衡宇电动车有限公司建设项目环境影响评价文件审批情况的公示
Article.asp?id=31&classid=6&articleid=114936,丰县环境保护局关于受理并拟批准徐州鼎峰木业有限公司建设项目环境影响评价文件的公示
Article.asp?id=31&classid=6&articleid=114935,丰县环境保护局关于受理并拟批准徐州佳昂木业有限公司建设项目环境影响评价文件的公示
Article.asp?id=31&classid=6&articleid=114900,丰县环境保护局关于作出竣工环境保护验收决定的建设项目（固体废物部分）公示 
Article.asp?id=31&classid=6&articleid=114899,丰县环境保护局关于作出竣工环境保护验收决定的建设项目（固体废物部分）公示 
Article.asp?id=31&classid=6&articleid=114897,丰县环境保护局关于作出竣工环境保护验收决定的建设项目（固体废物部分）公示 
Article.asp?id=31&classid=6&articleid=114896,丰县环境保护局关于作出竣工环境保护验收决定的建设项目（固体废物部分）公示  
Article.asp?id=31&classid=6&articleid=114894,丰县环境保护局关于作出竣工环境保护验收决定的建设项目（固体废物部分）公示  
Article.asp?id=31&classid=6&articleid=114892,丰县环境保护局关于作出竣工环境保护验收决定的建设项目（固体废物部分）公示  
Article.asp?id=31&classid=6&articleid=114883,丰县环境保护局关于作出竣工环境保护验收决定的建设项目（固体废物部分）公示 
Article.asp?id=31&classid=6&articleid=114808,丰县环境保护局关于受理并拟批准丰县衡宇电动车有限公司建设项目环境影响评价文件的公示
Article.asp?id=31&classid=6&articleid=114882,丰县环境保护局关于受理并拟批准徐州宗奇燃气有限公司建设项目环境影响评价文件的公示
Article.asp?id=31&classid=6&articleid=114807,丰县环境保护局关于受理并拟批准丰县华宏顺液化气销售有限公司建设项目环境影响评价文件的公示
Article.asp?id=31&classid=6&articleid=114806,丰县环境保护局关于受理并拟批准徐州招贤燃气有限公司建设项目环境影响评价文件的公示
Article.asp?id=31&classid=6&articleid=114804,丰县环境保护局关于受理并拟批准丰县华泰燃气有限公司建设项目环境影响评价文件的公示
Article.asp?id=31&classid=6&articleid=114801,丰县环境保护局关于作出竣工环境保护验收决定的建设项目（固体废物部分）公示  
Article.asp?id=31&classid=6&articleid=114800,丰县环境保护局关于作出竣工环境保护验收决定的建设项目（固体废物部分）公示  
Article.asp?id=31&classid=6&articleid=114791,丰县环境保护局关于作出竣工环境保护验收决定的建设项目（固体废物部分）公示  
Article.asp?id=31&classid=6&articleid=114747,丰县环境保护局关于对已批准徐州冠华机械制造有限公司建设项目环境影响评价文件审批情况的公示
Article.asp?id=31&classid=6&articleid=114746,丰县环境保护局关于对已批准徐州森狄新材料有限公司建设项目环境影响评价文件审批情况的公示
Article.asp?id=31&classid=6&articleid=114745,丰县环境保护局关于对已批准丰县水务局建设项目环境影响评价文件审批情况的公示
Article.asp?id=31&classid=6&articleid=114699,丰县环境保护局关于对已批准徐州茗祥木业有限公司建设项目环境影响评价文件审批情况的公示
Article.asp?id=31&classid=6&articleid=114698,丰县环境保护局关于对已批准徐州朗润木业有限公司建设项目环境影响评价文件审批情况的公示
Article.asp?id=31&classid=6&articleid=114697,丰县环境保护局关于对已批准徐州钰金源木业有限公司建设项目环境影响评价文件审批情况的公示
Article.asp?id=31&classid=6&articleid=114680,丰县环境保护局关于受理并拟批准丰县水务局建设项目环境影响评价文件的公示
Article.asp?id=31&classid=6&articleid=114674,丰县环境保护局关于作出竣工环境保护验收决定的建设项目（固体废物部分）公示
Article.asp?id=31&classid=6&articleid=114673,丰县环境保护局关于受理并拟批准徐州冠华机械制造有限公司建设项目环境影响评价文件的公示
Article.asp?id=31&classid=6&articleid=114631,丰县环境保护局关于受理并拟批准徐州朗润木业有限公司建设项目环境影响评价文件的公示
Article.asp?id=31&classid=6&articleid=114623,丰县环境保护局关于对已批准徐州美邦电动车科技有限公司建设项目环境影响评价文件审批情况的公示
Article.asp?id=31&classid=6&articleid=114621,丰县环境保护局关于对已批准江苏君乐宝乳业有限公司建设项目环境影响评价文件审批情况的公示
Article.asp?id=31&classid=6&articleid=114619,丰县环境保护局关于受理并拟批准徐州森狄新材料有限公司建设项目环境影响评价文件的公示
Article.asp?id=31&classid=6&articleid=114607,丰县环境保护局关于受理并拟批准徐州茗祥木业有限公司建设项目环境影响评价文件的公示
Article.asp?id=31&classid=6&articleid=114602,丰县环境保护局关于对已批准徐州威聚电子材料有限公司建设项目环境影响评价文件审批情况的公示
Article.asp?id=31&classid=6&articleid=114591,丰县环境保护局关于受理并拟批准徐州美邦电动车科技有限公司建设项目环境影响评价文件的公示
Article.asp?id=31&classid=6&articleid=114586,丰县环境保护局关于受理并拟批准徐州钰金源木业有限公司建设项目环境影响评价文件的公示
Article.asp?id=31&classid=6&articleid=114578,丰县环境保护局关于受理并拟批准徐州威聚电子材料有限公司建设项目环境影响评价文件的公示
Article.asp?id=31&classid=6&articleid=114561,丰县环境保护局关于受理并拟批准江苏君乐宝乳业有限公司建设项目环境影响评价文件的公示
Article.asp?id=31&classid=6&articleid=114559,丰县环境保护局关于对已批准江苏大红德邻食品有限公司 建设项目环境影响评价文件审批情况的公示
Article.asp?id=31&classid=6&articleid=114557,丰县环境保护局关于对已批准丰县冠珂工程科技有限公司建设项目环境影响评价文件审批情况的公示
Article.asp?id=31&classid=6&articleid=114540,丰县环境保护局关于受理并拟批准江苏大红德邻食品有限公司建设项目环境影响评价文件的公示
Article.asp?id=31&classid=6&articleid=114537,丰县环境保护局关于对已批准徐州天久木业有限公司建设项目环境影响评价文件审批情况的公示
Article.asp?id=31&classid=6&articleid=114536,丰县环境保护局关于对已批准徐州安丰木业有限公司建设项目环境影响评价文件审批情况的公示
Article.asp?id=31&classid=6&articleid=114534,丰县环境保护局关于对已批准徐州华宏木业有限公司建设项目环境影响评价文件审批情况的公示
Article.asp?id=31&classid=6&articleid=114533,丰县环境保护局关于受理并拟批准丰县冠珂工程科技有限公司建设项目环境影响评价文件的公示
Article.asp?id=31&classid=6&articleid=114529,丰县环境保护局关于对已批准徐州笑林木业有限公司建设项目环境影响评价文件审批情况的公示
Article.asp?id=31&classid=6&articleid=114531,丰县环境保护局关于对已批准徐州海源木业有限公司建设项目环境影响评价文件审批情况的公示
Article.asp?id=31&classid=6&articleid=114528,丰县环境保护局关于对已批准徐州鑫玖源木业有限公司建设项目环境影响评价文件审批情况的公示
Article.asp?id=31&classid=6&articleid=114482,丰县环境保护局关于作出竣工环境保护验收决定的建设项目（固体废物部分）公示  
Article.asp?id=31&classid=6&articleid=114481,丰县环境保护局关于作出竣工环境保护验收决定的建设项目（固体废物部分）公示
Article.asp?id=31&classid=6&articleid=114480,丰县环境保护局关于受理并拟批准徐州华宏木业有限公司建设项目环境影响评价文件的公示
Article.asp?id=31&classid=6&articleid=114478,丰县环境保护局关于受理并拟批准徐州天久木业有限公司建设项目环境影响评价文件的公示
Article.asp?id=31&classid=6&articleid=114476,丰县环境保护局关于受理并拟批准徐州安丰木业有限公司建设项目环境影响评价文件的公示
Article.asp?id=31&classid=6&articleid=114449,丰县环境保护局关于对已批准江苏省丰县公路管理站建设项目环境影响评价文件审批情况的公示
Article.asp?id=31&classid=6&articleid=114448,丰县环境保护局关于对已批准徐州天源木业有限公司建设项目环境影响评价文件审批情况的公示
Article.asp?id=31&classid=6&articleid=114447,丰县环境保护局关于对已批准徐州帮越新材料有限公司建设项目环境影响评价文件审批情况的公示
Article.asp?id=31&classid=6&articleid=114408,丰县环境保护局关于受理并拟批准徐州笑林木业有限公司建设项目环境影响评价文件的公示
Article.asp?id=31&classid=6&articleid=114407,丰县环境保护局关于受理并拟批准徐州海源木业有限公司建设项目环境影响评价文件的公示
Article.asp?id=31&classid=6&articleid=114388,丰县环境保护局关于作出竣工环境保护验收决定的建设项目（固体废物部分）公示  
Article.asp?id=31&classid=6&articleid=114387,丰县环境保护局关于受理并拟批准江苏省丰县公路管理站建设项目环境影响评价文件的公示
Article.asp?id=31&classid=6&articleid=114385,丰县环境保护局关于受理并拟批准徐州天源木业有限公司建设项目环境影响评价文件的公示
Article.asp?id=31&classid=6&articleid=114373,丰县环境保护局关于受理并拟批准徐州鑫玖源木业有限公司建设项目环境影响评价文件的公示
Article.asp?id=31&classid=6&articleid=114337,丰县环境保护局关于受理并拟批准徐州帮越新材料有限公司建设项目环境影响评价文件的公示
Article.asp?id=31&classid=6&articleid=114250,丰县环境保护局关于作出竣工环境保护验收决定的建设项目（噪声、固体废物部分）公示  
Article.asp?id=31&classid=6&articleid=114249,丰县环境保护局关于作出竣工环境保护验收决定的建设项目（噪声、固体废物部分）公示 
Article.asp?id=31&classid=6&articleid=114237,丰县环境保护局关于对已批准丰县中医医院建设项目环境影响评价文件审批情况的公示
Article.asp?id=31&classid=6&articleid=114236,丰县环境保护局关于对已批准丰县城市管理局建设项目环境影响评价文件审批情况的公示
Article.asp?id=31&classid=6&articleid=114152,丰县环保局快速查处危废污染环境案
Article.asp?id=31&classid=6&articleid=114150,丰县环境保护局关于受理并拟批准丰县中医医院建设项目环境影响评价文件的公示
Article.asp?id=31&classid=6&articleid=114146,丰县环境保护局关于作出竣工环境保护验收决定的建设项目（固体废物部分）公示
Article.asp?id=31&classid=6&articleid=114122,丰县环境保护局关于对已批准徐州宗申电动车有限公司建设项目环境影响评价文件审批情况的公示
Article.asp?id=31&classid=6&articleid=114121,丰县环境保护局关于对已批准丰县交通运输局建设项目环境影响评价文件审批情况的公示
Article.asp?id=31&classid=6&articleid=114120,丰县环境保护局关于对已批准丰县济徐能源有限公司建设项目环境影响评价文件审批情况的公示
Article.asp?id=31&classid=6&articleid=114119,丰县环境保护局关于对已批准徐州宏智木业有限公司建设项目环境影响评价文件审批情况的公示
Article.asp?id=31&classid=6&articleid=114118,丰县环境保护局关于对已批准丰县环宇木业有限公司建设项目环境影响评价文件审批情况的公示
Article.asp?id=31&classid=6&articleid=114069,丰县环境保护局关于受理并拟批准徐州宗申电动车有限公司建设项目环境影响评价文件的公示
Article.asp?id=31&classid=6&articleid=114032,丰县环境保护局关于受理并拟批准丰县济徐能源有限公司建设项目环境影响评价文件的公示
Article.asp?id=31&classid=6&articleid=114031,丰县环境保护局关于受理并拟批准丰县交通运输局建设项目环境影响评价文件的公示
Article.asp?id=31&classid=6&articleid=114003,丰县环境保护局关于受理并拟批准丰县城市管理局建设项目环境影响评价文件的公示
Article.asp?id=31&classid=6&articleid=113998,丰县环境保护局关于对已批准徐州诚普磁业有限公司建设项目环境影响评价文件审批情况的公示
Article.asp?id=31&classid=6&articleid=113980,丰县环境保护局关于受理并拟批准徐州宏智木业有限公司建设项目环境影响评价文件的公示
Article.asp?id=31&classid=6&articleid=113979,丰县环境保护局关于受理并拟批准丰县环宇木业有限公司建设项目环境影响评价文件的公示
Article.asp?id=31&classid=6&articleid=113936,丰县环境保护局关于对已批准徐州众友木业有限公司建设项目环境影响评价文件审批情况的公示
Article.asp?id=31&classid=6&articleid=113935,丰县环境保护局关于对已批准江苏寰宇智能消防科技有限公司建设项目环境影响评价文件审批情况的公示
Article.asp?id=31&classid=6&articleid=113913,丰县环境保护局关于作出竣工环境保护验收决定的建设项目（固体废物部分）公示  
Article.asp?id=31&classid=6&articleid=113899,丰县环境保护局关于受理并拟批准徐州诚普磁业有限公司建设项目环境影响评价文件的公示
Article.asp?id=31&classid=6&articleid=113839,丰县环境保护局关于作出竣工环境保护验收决定的建设项目（噪声、固体废物部分）公示  
Article.asp?id=31&classid=6&articleid=113830,丰县环境保护局关于受理并拟批准徐州众友木业有限公司建设项目环境影响评价文件的公示
Article.asp?id=31&classid=6&articleid=113789,丰县环境保护局关于受理并拟批准江苏寰宇智能消防科技有限公司建设项目环境影响评价文件的公示
Article.asp?id=31&classid=6&articleid=113736,丰县环境保护局关于作出竣工环境保护验收决定的建设项目（噪声、固体废物部分）公示 
Article.asp?id=31&classid=6&articleid=113620,丰县环境保护局关于作出竣工环境保护验收决定的建设项目（噪声、固体废物部分）公示 
Article.asp?id=31&classid=6&articleid=113617,丰县环境保护局关于作出竣工环境保护验收决定的建设项目（噪声、固体废物部分）公示  
Article.asp?id=31&classid=6&articleid=113616,丰县环境保护局关于作出竣工环境保护验收决定的建设项目（噪声、固体废物部分）公示  
Article.asp?id=31&classid=6&articleid=113597,丰县环境保护局关于对已批准徐州中庚贸易有限公司建设项目环境影响评价文件审批情况的公示
Article.asp?id=31&classid=6&articleid=113563,“利器”在手，污染源无处遁迹
Article.asp?id=31&classid=6&articleid=113562,丰县环境保护局关于对已批准汉德智能科技（徐州）有限公司建设项目环境影响评价文件审批情况的公示
Article.asp?id=31&classid=6&articleid=113558,丰县环境保护局关于对已批准丰县梓润木业有限公司建设项目环境影响评价文件审批情况的公示
Article.asp?id=31&classid=6&articleid=113553,丰县环境保护局关于对已批准丰县双兴源木业有限公司建设项目环境影响评价文件审批情况的公示
Article.asp?id=31&classid=6&articleid=113551,丰县环境保护局关于受理并拟批准徐州中庚贸易有限公司建设项目环境影响评价文件的公示
Article.asp?id=31&classid=6&articleid=113440,丰县环境保护局关于作出竣工环境保护验收决定的建设项目（噪声、固体废物部分）公示
Article.asp?id=31&classid=6&articleid=113439,丰县环境保护局关于受理并拟批准汉德智能科技（徐州）有限公司建设项目环境影响评价文件的公示
Article.asp?id=31&classid=6&articleid=113438,丰县环境保护局关于受理并拟批准丰县梓润木业有限公司建设项目环境影响评价文件的公示
Article.asp?id=31&classid=6&articleid=113386,丰县环保局召开“不忘初心  永葆本色”警示教育大会
Article.asp?id=31&classid=6&articleid=113358,丰县环境保护局关于对已批准徐州永轩木业有限公司建设项目环境影响评价文件审批情况的公示
Article.asp?id=31&classid=6&articleid=113357,丰县环境保护局关于对已批准徐州翔天铸造有限公司建设项目环境影响评价文件审批情况的公示
Article.asp?id=31&classid=6&articleid=113342,市环保局局长陈冠华来丰调研环保系统集中整治形式主义官僚主义贯彻落实情况
Article.asp?id=31&classid=6&articleid=113334,丰县环境保护局关于受理并拟批准丰县双兴源木业有限公司建设项目环境影响评价文件的公示
Article.asp?id=31&classid=6&articleid=113312,丰县环保局召开2018年度民主生活会征求意见座谈会
Article.asp?id=31&classid=6&articleid=113250,丰县环境保护局关于对已批准丰县赵庄镇粮油管理所加油站建设项目环境影响评价文件审批情况的公示
Article.asp?id=31&classid=6&articleid=113247,丰县环境保护局关于作出竣工环境保护验收决定的建设项目（噪声、固体废物部分）公示  
Article.asp?id=31&classid=6&articleid=113212,丰县环境保护局关于受理并拟批准徐州永轩木业有限公司建设项目环境影响评价文件的公示
Article.asp?id=31&classid=6&articleid=113166,丰县环境保护局关于受理并拟批准徐州翔天铸造有限公司建设项目环境影响评价文件的公示
Article.asp?id=31&classid=6&articleid=113086,丰县环境保护局关于作出竣工环境保护验收决定的建设项目（噪声、固体废物部分）公示  
Article.asp?id=31&classid=6&articleid=113085,丰县环境保护局关于受理并拟批准丰县赵庄镇粮油管理所加油站建设项目环境影响评价文件的公示
Article.asp?id=31&classid=6&articleid=113078,丰县环境保护局关于对已批准徐州环洋木业有限公司建设项目环境影响评价文件审批情况的公示
Article.asp?id=31&classid=6&articleid=113077,丰县环境保护局关于对已批准江苏君乐宝乳业有限公司建设项目环境影响评价文件审批情况的公示
Article.asp?id=31&classid=6&articleid=113075,丰县环境保护局关于对已批准丰县立华牧业有限公司建设项目环境影响评价文件审批情况的公示
Article.asp?id=31&classid=6&articleid=112989,丰县环境保护局关于对已批准江苏君乐宝乳业有限公司建设项目环境影响评价文件审批情况的公示
Article.asp?id=31&classid=6&articleid=112988,丰县环境保护局关于对已批准徐州众林木业有限公司建设项目环境影响评价文件审批情况的公示
Article.asp?id=31&classid=6&articleid=112979,县十七届人大常委会第17次会议关注环保问题
Article.asp?id=31&classid=6&articleid=112933,丰县环境保护局关于受理并拟批准徐州环洋木业有限公司建设项目环境影响评价文件的公示
Article.asp?id=31&classid=6&articleid=112918,江苏奔腾橡胶制品有限公司建设项目环境影响评价文件审批情况的信息公开
Article.asp?id=31&classid=6&articleid=112913,丰县环境保护局关于受理并拟批准江苏君乐宝乳业有限公司建设项目环境影响评价文件的公示
Article.asp?id=31&classid=6&articleid=112879,丰县环境保护局关于受理并拟批准江苏君乐宝乳业有限公司建设项目环境影响评价文件的公示
Article.asp?id=31&classid=6&articleid=112875,丰县环境保护局关于对已批准丰县监察委员会建设项目环境影响评价文件审批情况的公示
Article.asp?id=31&classid=6&articleid=112831,丰县环境保护局关于受理并拟批准丰县监察委员会建设项目环境影响评价文件的公示
Article.asp?id=31&classid=6&articleid=112822,丰县环境保护局关于受理并拟批准丰县立华牧业有限公司建设项目环境影响评价文件的公示
Article.asp?id=31&classid=6&articleid=112813,丰县环境保护局关于作出竣工环境保护验收决定的建设项目（噪声、固体废物部分）公示  
Article.asp?id=31&classid=6&articleid=112805,丰县环境保护局关于对已批准徐州鹏程钢结构工程有限公司建设项目环境影响评价文件审批情况的公示
Article.asp?id=31&classid=6&articleid=112783,丰县环境保护局关于受理并拟批准徐州众林木业有限公司建设项目环境影响评价文件的公示
Article.asp?id=31&classid=6&articleid=112769,丰县环境保护局关于对已批准江苏质达精密轴承有限公司建设项目环境影响评价文件审批情况的公示
Article.asp?id=31&classid=6&articleid=112768,丰县环境保护局关于对已批准徐州胜海机械制造科技有限公司建设项目环境影响评价文件审批情况的公示
Article.asp?id=31&classid=6&articleid=112716,丰县环境保护局关于作出竣工环境保护验收决定的建设项目（噪声、固体废物部分）公示
Article.asp?id=31&classid=6&articleid=112715,丰县环境保护局关于作出竣工环境保护验收决定的建设项目（噪声、固体废物部分）公示  
Article.asp?id=31&classid=6&articleid=112714,丰县环境保护局关于作出竣工环境保护验收决定的建设项目（噪声、固体废物部分）公示  
Article.asp?id=31&classid=6&articleid=112713,丰县环境保护局关于作出竣工环境保护验收决定的建设项目（噪声、固体废物部分）公示  
Article.asp?id=31&classid=6&articleid=112658,丰县环境保护局关于受理并拟批准江苏质达精密轴承有限公司建设项目环境影响评价文件的公示
Article.asp?id=31&classid=6&articleid=112643,丰县环境保护局关于作出竣工环境保护验收决定的建设项目（噪声、固体废物部分）公示 
Article.asp?id=31&classid=6&articleid=112642,丰县环境保护局关于受理并拟批准徐州鹏程钢结构工程有限公司建设项目环境影响评价文件的公示
Article.asp?id=31&classid=6&articleid=112641,丰县环境保护局关于受理并拟批准徐州胜海机械制造科技有限公司建设项目环境影响评价文件的公示
Article.asp?id=31&classid=6&articleid=112508,丰县环境保护局关于对已批准徐州鹏盛铸造有限公司建设项目环境影响评价文件审批情况的公示
Article.asp?id=31&classid=6&articleid=112506,丰县环境保护局关于对已批准丰县运达木业有限公司建设项目环境影响评价文件审批情况的公示
Article.asp?id=31&classid=6&articleid=112505,丰县环境保护局关于对已批准徐州高成木业有限公司建设项目环境影响评价文件审批情况的公示
Article.asp?id=31&classid=6&articleid=112504,丰县环境保护局关于对已批准徐州丰邑商品混凝土有限公司建设项目环境影响评价文件审批情况的公示
Article.asp?id=31&classid=6&articleid=112447,丰县环境保护局关于对已批准江苏觅科激光设备有限公司建设项目环境影响评价文件审批情况的公示
Article.asp?id=31&classid=6&articleid=112427,丰县环境保护局关于对已批准丰县宏运加油站建设项目环境影响评价文件审批情况的公示
Article.asp?id=31&classid=6&articleid=112424,丰县环境保护局关于受理并拟批准徐州鹏盛铸造有限公司建设项目环境影响评价文件的公示
Article.asp?id=31&classid=6&articleid=112419, 丰县环保局收看全省生态环境系统集中整治形式主义官僚主义动员部署暨警示教育会议
Article.asp?id=31&classid=6&articleid=112399,丰县环境保护局关于受理并拟批准丰县运达木业有限公司建设项目环境影响评价文件的公示
Article.asp?id=31&classid=6&articleid=112398,丰县环境保护局关于受理并拟批准徐州高成木业有限公司建设项目环境影响评价文件的公示
Article.asp?id=31&classid=6&articleid=112383,丰县环境保护局关于受理并拟批准徐州丰邑商品混凝土有限公司建设项目环境影响评价文件的公示
Article.asp?id=31&classid=6&articleid=112323,丰县环境保护局关于作出竣工环境保护验收决定的建设项目（噪声、固体废物部分）公示
Article.asp?id=31&classid=6&articleid=112288,丰县环境保护局关于对已批准江苏宜富思特科技发展有限责任公司建设项目环境影响评价文件审批情况的公示
Article.asp?id=31&classid=6&articleid=112266,丰县环境保护局关于受理并拟批准江苏觅科激光设备有限公司建设项目环境影响评价文件的公示
Article.asp?id=31&classid=6&articleid=112246,丰县环境保护局关于受理并拟批准丰县宏运加油站建设项目环境影响评价文件的公示
Article.asp?id=31&classid=6&articleid=112112,丰县环境保护局关于受理并拟批准江苏宜富思特科技发展有限责任公司建设项目环境影响评价文件的公示
Article.asp?id=31&classid=6&articleid=112066,丰县环境保护局关于对已批准丰县水利局建设项目环境影响评价文件审批情况的公示
Article.asp?id=31&classid=6&articleid=112065,县委第四巡察组巡察县环保局党组工作动员会召开
Article.asp?id=31&classid=6&articleid=112028,丰县环境保护局关于对已批准江苏沐铭再生资源有限公司建设项目环境影响评价文件审批情况的公示
Article.asp?id=31&classid=6&articleid=111969,丰县环境保护局关于受理并拟批准丰县水利局建设项目环境影响评价文件的公示
Article.asp?id=31&classid=6&articleid=111918,丰县环境保护局关于受理并拟批准江苏沐铭再生资源有限公司建设项目环境影响评价文件的公示
Article.asp?id=31&classid=6&articleid=111890,环保局全体干部职工参加新修订《中国共产党纪律处分条例》宣讲报告会
Article.asp?id=31&classid=6&articleid=111753,丰县环境保护局关于对已批准徐州森晟源木业有限公司建设项目环境影响评价文件审批情况的公示
Article.asp?id=31&classid=6&articleid=111752,丰县环境保护局关于对已批准江苏瑞泰人造板有限公司建设项目环境影响评价文件审批情况的公示
Article.asp?id=31&classid=6&articleid=111713, 江苏梦天机电科技有限公司竣工环境保护自主验收（废气、废水部分）信息公开 
Article.asp?id=31&classid=6&articleid=111712,徐州金荣达房地产开发有限公司竣工环境保护自主验收（废气、废水部分）信息公开
Article.asp?id=31&classid=6&articleid=111704,丰县环境保护局关于作出竣工环境保护验收决定的建设项目（噪声、固体废物部分）公示
Article.asp?id=31&classid=6&articleid=111650,丰县环境保护局关于受理并拟批准徐州森晟源木业有限公司建设项目环境影响评价文件的公示
Article.asp?id=31&classid=6&articleid=111543,丰县政府召开例会研究布置大气污染防治工作
Article.asp?id=31&classid=6&articleid=111541,环保局收看全国环境系统专题警示教育大会
Article.asp?id=31&classid=6&articleid=111450,丰县环境保护局关于对已批准丰县团伟金属科技有限公司建设项目环境影响评价文件审批情况的公示
Article.asp?id=31&classid=6&articleid=111400,丰县环境保护局关于受理并拟批准江苏瑞泰人造板有限公司建设项目环境影响评价文件的公示
Article.asp?id=31&classid=6&articleid=111368,丰县环境保护局关于对已批准徐州佳合食品有限公司建设项目环境影响评价文件审批情况的公示
Article.asp?id=31&classid=6&articleid=111367,丰县环境保护局关于对已批准徐州佳合食品有限公司建设项目环境影响评价文件审批情况的公示
Article.asp?id=31&classid=6&articleid=111366,丰县环境保护局关于对已批准徐州佳合食品有限公司建设项目环境影响评价文件审批情况的公示
Article.asp?id=31&classid=6&articleid=111353,丰县环境保护局关于受理并拟批准丰县团伟金属科技有限公司建设项目环境影响评价文件的公示
Article.asp?id=31&classid=6&articleid=111338,丰县环境保护局关于对已批准丰县康达环保第二污水处理有限公司建设项目环境影响评价文件审批情况的公示
Article.asp?id=31&classid=6&articleid=111219,丰县环境保护局关于对已批准徐州瑞联齿轮有限公司建设项目环境影响评价文件审批情况的公示
Article.asp?id=31&classid=6&articleid=111172,丰县五项措施抓好秋冬大气污染治理
Article.asp?id=31&classid=6&articleid=111141,丰县环境保护局关于受理并拟批准徐州佳合食品有限公司建设项目环境影响评价文件的公示
Article.asp?id=31&classid=6&articleid=111140,丰县环境保护局关于受理并拟批准徐州佳合食品有限公司建设项目环境影响评价文件的公示
Article.asp?id=31&classid=6&articleid=111137,丰县环境保护局关于受理并拟批准徐州佳合食品有限公司建设项目环境影响评价文件的公示
Article.asp?id=31&classid=6&articleid=111107,丰县环保局召开精准扶贫工作推进会
Article.asp?id=31&classid=6&articleid=111098,丰县召开大气污染防治工作会议
Article.asp?id=31&classid=6&articleid=111085,丰县环境保护局关于受理并拟批准丰县康达环保第二污水处理有限公司建设项目环境影响评价文件的公示
Article.asp?id=31&classid=6&articleid=111079,丰县环境保护局关于对已批准徐州志正装饰材料有限公司建设项目环境影响评价文件审批情况的公示
Article.asp?id=31&classid=6&articleid=111032,丰县环境保护局关于受理并拟批准徐州志正装饰材料有限公司建设项目环境影响评价文件的公示
Article.asp?id=31&classid=6&articleid=111027,丰县环保局组织召开“以案为鉴，永葆清廉本色”专题组织生活会
Article.asp?id=31&classid=6&articleid=110967,丰县环境保护局关于作出竣工环境保护验收决定的建设项目（噪声、固体废物部分）公示  
Article.asp?id=31&classid=6&articleid=110962,丰县环境保护局关于受理并拟批准徐州瑞联齿轮有限公司建设项目环境影响评价文件的公示
Article.asp?id=31&classid=6&articleid=110946,全民参与  守护丰县蓝
Article.asp?id=31&classid=6&articleid=110916,丰县环境保护局关于对已批准徐州巨诚智能科技有限公司建设项目环境影响评价文件审批情况的公示
Article.asp?id=31&classid=6&articleid=110915,丰县环境保护局关于对已批准关于对江苏双鹏钢结构工程有限公司建设项目环境影响评价文件审批情况的公示
Article.asp?id=31&classid=6&articleid=110890,丰县加大力度推进污染防治工作实现空气质量持续改善
Article.asp?id=31&classid=6&articleid=110872,丰县环境保护局关于受理并拟批准徐州巨诚智能科技有限公司建设项目环境影响评价文件的公示
Article.asp?id=31&classid=6&articleid=110836,丰县环境保护局关于受理并拟批准江苏双鹏钢结构工程有限公司建设项目环境影响评价文件的公示
Article.asp?id=31&classid=6&articleid=110808,丰县环境保护局关于作出竣工环境保护验收决定的建设项目（噪声、固体废物部分）公示 
Article.asp?id=31&classid=6&articleid=110771,丰县环境保护局关于对已批准徐州伟浩包装制品有限公司建设项目环境影响评价文件审批情况的公示
Article.asp?id=31&classid=6&articleid=110749,丰县环境保护局关于受理并拟批准徐州伟浩包装制品有限公司建设项目环境影响评价文件的公示  
Article.asp?id=31&classid=6&articleid=110745,丰县环境保护局关于对已批准丰县立华牧业有限公司建设项目环境影响评价文件审批情况的公示
Article.asp?id=31&classid=6&articleid=110655,丰县环境保护局关于作出竣工环境保护验收决定的建设项目（噪声、固体废物部分）公示  
Article.asp?id=31&classid=6&articleid=110591,丰县环境保护局关于对已批准徐州梦龙皮革座椅科技有限公司建设项目环境影响评价文件审批情况的公示
Article.asp?id=31&classid=6&articleid=110575,丰县召开大气污染防治强化管控工作推进会
Article.asp?id=31&classid=6&articleid=110557,丰县环境保护局关于对已批准徐州巨尚精密制造有限公司建设项目环境影响评价文件审批情况的公示
Article.asp?id=31&classid=6&articleid=110511,丰县环境保护局关于受理并拟批准徐州巨尚精密制造有限公司建设项目环境影响评价文件的公示
Article.asp?id=31&classid=6&articleid=110547,丰县环境保护局关于受理并拟批准的徐州梦龙皮革座椅科技有限公司建设项目环境影响评价文件的公示
Article.asp?id=31&classid=6&articleid=110505,凝心聚力积极迎检  目标明确力推减排
Article.asp?id=31&classid=6&articleid=110470,丰县加大施工工地督查力度严格控制扬尘污染反弹
Article.asp?id=31&classid=6&articleid=110463,丰县环境保护局关于受理并拟批准丰县立华牧业有限公司建设项目环境影响评价文件的公示
Article.asp?id=31&classid=6&articleid=110440,丰县召开VOCs重点监管企业深度治理工作推进会
Article.asp?id=31&classid=6&articleid=110437,丰县环境保护局关于作出竣工环境保护验收决定的建设项目（噪声、固体废物部分）公示 
Article.asp?id=31&classid=6&articleid=110435,丰县环境保护局关于作出竣工环境保护验收决定的建设项目（噪声、固体废物部分）公示  
Article.asp?id=31&classid=6&articleid=110413,加强夜间执法  防止污染反弹
Article.asp?id=31&classid=6&articleid=110306,丰县环境保护局关于对已批准丰县皓威机械科技有限公司建设项目环境影响评价文件审批情况的公示
Article.asp?id=31&classid=6&articleid=110305,丰县环境保护局关于对已批准丰县常店乡加油站建设项目环境影响评价文件审批情况的公示
Article.asp?id=31&classid=6&articleid=110304,丰县环境保护局关于对已批准丰县原野塑料科技有限公司建设项目环境影响评价文件审批情况的公示
Article.asp?id=31&classid=6&articleid=110287,丰县环境保护局关于受理并拟批准丰县皓威机械科技有限公司建设项目环境影响评价文件的公示
Article.asp?id=31&classid=6&articleid=110184,丰县环境保护局关于受理并拟批准丰县原野塑料科技有限公司建设项目环境影响评价文件的公示
Article.asp?id=31&classid=6&articleid=110085,丰县环境保护局关于对已批准丰县鑫成环保热电有限公司建设项目环境影响评价文件审批情况的公示
Article.asp?id=31&classid=6&articleid=110059,丰县环境保护局关于对已批准联合优发生物质能源徐州有限公司建设项目环境影响评价文件审批情况的公示
Article.asp?id=31&classid=6&articleid=110058,丰县环境保护局关于对已批准徐州中盛园艺品制造有限公司建设项目环境影响评价文件审批情况的公示
Article.asp?id=31&classid=6&articleid=110044,丰县环境保护局关于受理并拟批准丰县常店乡加油站项目环境影响评价文件的公示
Article.asp?id=31&classid=6&articleid=110043,丰县环境保护局关于受理并拟批准丰县鑫成环保热电有限公司项目环境影响评价文件的公示
Article.asp?id=31&classid=6&articleid=109902,丰县环境保护局关于对已批准丰县创福养牛专业合作社建设项目环境影响评价文件审批情况的公示
Article.asp?id=31&classid=6&articleid=109901,丰县环境保护局关于受理并拟批准联合优发生物质能源徐州有限公司项目环境影响评价文件的公示
Article.asp?id=31&classid=6&articleid=109870,丰县五项措施打赢蓝天保卫战
Article.asp?id=31&classid=6&articleid=109719,环保局制定“企业服务月”实施方案
Article.asp?id=31&classid=6&articleid=109718,环保局深入一线走访调研服务企业发展
Article.asp?id=31&classid=6&articleid=109716,丰县环境保护局关于对已批准徐州瑞利木业有限公司建设项目环境影响评价文件审批情况的公示
Article.asp?id=31&classid=6&articleid=109706,丰县环境保护局关于受理并拟批准徐州中盛园艺品制造有限公司建设项目环境影响评价文件的公示
Article.asp?id=31&classid=6&articleid=109685,丰县环境保护局关于对已批准徐州银龙木业有限公司项目环境影响评价文件审批情况的公示
Article.asp?id=31&classid=6&articleid=109684,丰县环境保护局关于对已批准徐州科亚机电有限公司项目环境影响评价文件审批情况的公示
Article.asp?id=31&classid=6&articleid=109705,丰县环境保护局关于受理并拟批准的丰县创福养牛专业合作社项目环境影响评价文件的公示
Article.asp?id=31&classid=6&articleid=109568,丰县环境保护局关于对已批准徐州丰和新能源科技有限公司项目环境影响评价文件审批情况的公示
Article.asp?id=31&classid=6&articleid=109567,丰县环境保护局关于对已批准江苏林泰商贸有限公司项目环境影响评价文件审批情况的公示
Article.asp?id=31&classid=6&articleid=109566,丰县环境保护局关于对已批准徐州奇力木业有限公司项目环境影响评价文件审批情况的公示
Article.asp?id=31&classid=6&articleid=109565,丰县环境保护局关于对已批准徐州强福木业有限公司项目环境影响评价文件审批情况的公示
Article.asp?id=31&classid=6&articleid=109562,丰县环境保护局关于对已批准徐州华泓智能科技有限公司建设项目环境影响评价文件审批情况的公示
Article.asp?id=31&classid=6&articleid=109493,丰县环境保护局关于对已批准徐州宗申电动车有限公司建设项目环境影响评价文件审批情况的公示
Article.asp?id=31&classid=6&articleid=109478,丰县环境保护局关于受理并拟批准徐州科亚机电有限公司项目环境影响评价文件的公示
Article.asp?id=31&classid=6&articleid=109464,丰县环境保护局关于作出竣工环境保护验收决定的建设项目（噪声、固体废物部分）公示
Article.asp?id=31&classid=6&articleid=109476,丰县环境保护局关于受理并拟批准徐州华泓智能科技有限公司建设项目环境影响评价文件的公示
Article.asp?id=31&classid=6&articleid=109448,丰县环境保护局关于受理并拟批准徐州瑞利木业有限公司建设项目环境影响评价文件的公示
Article.asp?id=31&classid=6&articleid=109447,丰县环境保护局关于受理并拟批准徐州银龙木业有限公司建设项目环境影响评价文件的公示
Article.asp?id=31&classid=6&articleid=109446,丰县环境保护局关于受理并拟批准徐州奇力木业有限公司建设项目环境影响评价文件的公示
Article.asp?id=31&classid=6&articleid=109445,丰县环境保护局关于受理并拟批准徐州强福木业有限公司建设项目环境影响评价文件的公示
Article.asp?id=31&classid=6&articleid=109444,丰县环境保护局关于受理并拟批准徐州丰和新能源科技有限公司建设项目环境影响评价文件的公示
Article.asp?id=31&classid=6&articleid=109442,丰县环境保护局关于受理并拟批准江苏林泰商贸有限公司建设项目环境影响评价文件的公示
Article.asp?id=31&classid=6&articleid=109440,丰县环境保护局关于受理并拟批准徐州宗申电动车有限公司项目环境影响评价文件的公示
Article.asp?id=31&classid=6&articleid=109359,丰县环境监测站在全市环境监测技术竞赛中荣获二等奖
Article.asp?id=31&classid=6&articleid=109328,丰县环境保护局关于对已批准丰县经济开发区投资发展有限责任公司项目环境影响评价文件审批情况的公示
Article.asp?id=31&classid=6&articleid=109325,丰县环境保护局关于对已批准徐州飞龙机电制造有限公司建设项目环境影响评价文件审批情况的公示
Article.asp?id=31&classid=6&articleid=109318,丰县大运河文化带建设工作座谈会顺利召开
Article.asp?id=31&classid=6&articleid=109274,生态环保部“每周一榜”丰县环保局监察大队获周冠军
Article.asp?id=31&classid=6&articleid=109249,丰县环境保护局关于受理并拟批准的徐州飞龙机电制造有限公司项目环境影响评价文件的公示
Article.asp?id=31&classid=6&articleid=109312,丰县环境保护局关于受理并拟批准丰县经济开发区投资发展有限责任公司项目环境影响评价文件的公示
Article.asp?id=31&classid=6&articleid=109202,市委市政府验收组来我县验收“散乱污”企业整治工作
Article.asp?id=31&classid=6&articleid=109198,丰县环境保护局关于作出竣工环境保护验收决定的建设项目（噪声、固体废物部分）公示
Article.asp?id=31&classid=6&articleid=109196,丰县环境保护局关于作出竣工环境保护验收决定的建设项目（噪声、固体废物部分）公示
Article.asp?id=31&classid=6&articleid=109181,生态环保部强化督查“每周一榜”丰县环保局监察大队获第二名
Article.asp?id=31&classid=6&articleid=109146,丰县环保局“五项措施”优化营商环境服务企业发展
Article.asp?id=31&classid=6&articleid=109136,环保局召开全县重点行业企业用地调查工作推进会
Article.asp?id=31&classid=6&articleid=109071,丰县采取六项措施加强土壤污染防治工作
Article.asp?id=31&classid=6&articleid=108927,丰县开展重点行业环保专项整治效果明显
Article.asp?id=31&classid=6&articleid=108868,丰县积极落实省人社厅环保厅关于环保系统评选表彰工作
Article.asp?id=31&classid=6&articleid=108827,丰县环境保护局关于2018年7月12日作出竣工环境保护验收决定的建设项目（噪声、固体废物部分）公示
Article.asp?id=31&classid=6&articleid=108719,丰县环境保护局关于对已批准徐州美源木业有限公司建设项目环境影响评价文件审批情况的公示
Article.asp?id=31&classid=6&articleid=108718,丰县环境保护局关于对已批准江苏实邦机械制造有限公司建设项目环境影响评价文件审批情况的公示
Article.asp?id=31&classid=6&articleid=108652,丰县环境保护局关于对已批准丰县神力加油站建设项目环境影响评价文件审批情况的公示
Article.asp?id=31&classid=6&articleid=108611,丰县环境保护局关于对已批准丰县欢口引河水泥厂建设项目环境影响评价文件审批情况的公示
Article.asp?id=31&classid=6&articleid=108593,丰县环境保护局关于受理并拟批准的徐州美源木业有限公司建设项目环境影响评价文件的公示
Article.asp?id=31&classid=6&articleid=108671,丰县环境保护局关于受理并拟批准江苏实邦机械制造有限公司建设项目环境影响评价文件的公示
Article.asp?id=31&classid=6&articleid=108538,丰县环境保护局关于对已批准徐州和为服装有限公司项目环境影响评价文件审批情况的公示
Article.asp?id=31&classid=6&articleid=108537,丰县环境保护局关于受理并拟批准的丰县神力加油站建设项目环境影响评价文件的公示
Article.asp?id=31&classid=6&articleid=108536,丰县环境保护局关于受理并拟批准的丰县欢口镇引河水泥厂项目环境影响评价文件的公示
Article.asp?id=31&classid=6&articleid=108427,我县召开农副产品加工行业专项整治工作推进会
Article.asp?id=31&classid=6&articleid=108403,丰县欢口镇沙庄小学等5所学校（幼儿园）被评为徐州市绿色学校
Article.asp?id=31&classid=6&articleid=108374,徐州丰成盐化工公司开展环境突发事件应急演练
Article.asp?id=31&classid=6&articleid=108345,丰县环境保护局关于对已批准徐州久立木业有限公司建设项目环境影响评价文件审批情况的公示
Article.asp?id=31&classid=6&articleid=108344,丰县环境保护局关于对已批准徐州美邦木业有限公司建设项目环境影响评价文件审批情况的公示
Article.asp?id=31&classid=6&articleid=108343,丰县环境保护局关于对已批准徐州恒林木业有限公司建设项目环境影响评价文件审批情况的公示
Article.asp?id=31&classid=6&articleid=108341,丰县环境保护局关于对已批准徐州中嘉木业有限公司建设项目环境影响评价文件审批情况的公示
Article.asp?id=31&classid=6&articleid=108222,市县人大代表年中视察环保工作
Article.asp?id=31&classid=6&articleid=108216,丰县环境保护局关于对已批准徐州广瑞木业有限公司项目环境影响评价文件审批情况的公示
Article.asp?id=31&classid=6&articleid=108168,丰县环境保护局关于受理并拟批准的徐州中嘉木业有限公司建设项目环境影响评价文件的公示
Article.asp?id=31&classid=6&articleid=108167,丰县环境保护局关于受理并拟批准的徐州美邦木业有限公司建设项目环境影响评价文件的公示
Article.asp?id=31&classid=6&articleid=108166,丰县环境保护局关于受理并拟批准的徐州恒林木业有限公司建设项目环境影响评价文件的公示
Article.asp?id=31&classid=6&articleid=108133,丰县充分利用农村环境综合整治资金精准扶贫效果好
Article.asp?id=31&classid=6&articleid=108155,丰县环境保护局关于受理并拟批准徐州久立木业有限公司项目环境影响评价文件的公示
Article.asp?id=31&classid=6&articleid=108153,丰县环境保护局关于受理并拟批准徐州和为服装有限公司项目环境影响评价文件的公示
Article.asp?id=31&classid=6&articleid=108103,环保局积极参与“安全生产月”咨询日活动
Article.asp?id=31&classid=6&articleid=108102,我县向阳南等三家社区被评为2018年度市级绿色社区
Article.asp?id=31&classid=6&articleid=108043,丰县环境保护局关于对已批准徐州旺达木业有限公司项目环境影响评价文件审批情况的公示
Article.asp?id=31&classid=6&articleid=107171,丰县环境保护局关于受理并拟批准的徐州广瑞木业有限公司项目环境影响评价文件的公示
Article.asp?id=31&classid=6&articleid=107988,丰县环境保护局关于对已批准徐州常运电动车配件有限公司项目环境影响评价文件审批情况的公示
Article.asp?id=31&classid=6&articleid=107953,丰县环境保护局关于对已批准江苏快马新能源科技有限公司项目环境影响评价文件审批情况的公示
Article.asp?id=31&classid=6&articleid=107939,丰县环境保护局关于对已批准丰县鑫源生物质环保热电有限公司项目环境影响评价文件审批情况的公示
Article.asp?id=31&classid=6&articleid=107932,丰县环境保护局关于对已批准丰县零醛添加家居产业园标准厂房二期建设项目环境影响评价文件审批情况的公示
Article.asp?id=31&classid=6&articleid=107931,丰县环境保护局关于对已批准丰县电动车产业园配件加工区规划项目环境影响评价文件审批情况的公示
Article.asp?id=31&classid=6&articleid=107944,丰县环境保护局关于受理并拟批准丰县常运电动车配件有限公司项目环境影响评价文件的公示
Article.asp?id=31&classid=6&articleid=107837,丰县环保局加强汛期水污染防治管理工作
Article.asp?id=31&classid=6&articleid=107818,丰县全面开展农用地土壤污染状况详查工作
Article.asp?id=31&classid=6&articleid=107811,丰县环境保护局关于受理并拟批准丰县鑫源生物质环保热电有限公司项目环境影响评价文件的公示
Article.asp?id=31&classid=6&articleid=107771,丰县环境保护局关于受理并拟批准丰县电动车产业园配件加工区规划项目环境影响评价文件的公示
Article.asp?id=31&classid=6&articleid=107768,丰县环保局秸秆禁烧应急分队正式成立
Article.asp?id=31&classid=6&articleid=107767,丰县环境保护局关于对已批准徐州朗润木业有限公司建设项目环境影响评价文件审批情况的公示
Article.asp?id=31&classid=6&articleid=107739,环保局细化落实“安全生产责任状”
Article.asp?id=31&classid=6&articleid=107689,丰县环境保护局关于对已批准年加工木制家具、木制工艺品1.5万件项目环境影响评价文件审批情况的公示
Article.asp?id=31&classid=6&articleid=107687,丰县环境保护局关于受理并拟批准江苏快马新能源科技有限公司项目环境影响评价文件的公示
Article.asp?id=31&classid=6&articleid=108029,丰县环境保护局关于受理并拟批准的徐州旺达木业有限公司项目环境影响评价文件的公示
Article.asp?id=31&classid=6&articleid=107598,丰县环境保护局关于受理并拟批准年加工木制家具、木制工艺品1.5万件项目环境影响评价文件的公示
Article.asp?id=31&classid=6&articleid=107595,丰县环境保护局关于受理并拟批准丰县零醛添加家居产业园标准厂房二期建设项目环境影响评价文件的公示
Article.asp?id=31&classid=6&articleid=107545,李吉宁副县长主持召开丰县大气攻坚行动办公室第三次会议
Article.asp?id=31&classid=6&articleid=107380,丰县环境保护局关于对已批准常店种猪养殖场建设项目环境影响评价文件审批情况的公示
Article.asp?id=31&classid=6&articleid=107352,徐州市环保局来我县检查验收2018年度绿色社区创建工作
Article.asp?id=31&classid=6&articleid=107344,徐州市环保局来我县检查验收2018年度绿色学校创建工作
Article.asp?id=31&classid=6&articleid=107323,丰县环境保护局关于对已批准欢口种猪养殖场建设项目环境影响评价文件审批情况的公示
Article.asp?id=31&classid=6&articleid=107265,丰县环境保护局关于受理并拟批准徐州朗润木业有限公司项目环境影响评价文件的公示
Article.asp?id=31&classid=6&articleid=107261,丰县环境保护局关于对已批准江苏青柚智能科技有限公司项目环境影响评价文件审批情况的公示
Article.asp?id=31&classid=6&articleid=107240,环保局组织召开全县挥发性有机物污染防治工作会议
Article.asp?id=31&classid=6&articleid=107202,丰县环境保护局关于受理并拟批准江苏青柚智能科技有限公司项目环境影响评价文件的公示
Article.asp?id=31&classid=6&articleid=107260,丰县环境保护局关于受理并拟批准欢口种猪养殖场建设项目环境影响评价文件的公示
Article.asp?id=31&classid=6&articleid=107259,丰县环境保护局关于受理并拟批准常店种猪养殖场建设项目环境影响评价文件的公示
Article.asp?id=31&classid=6&articleid=107154,丰县环境保护局关于对已批准徐州丰诚新材料科技有限公司项目环境影响评价文件审批情况的公示
Article.asp?id=31&classid=6&articleid=107114,丰县环境保护局关于对已批准徐州吉利达机电科技有限公司项目环境影响评价文件审批情况的公示
Article.asp?id=31&classid=6&articleid=107081,丰县城区实现噪声达标区全覆盖
Article.asp?id=31&classid=6&articleid=106970,县政府印发《丰县高污染燃料禁燃区划定方案》
Article.asp?id=31&classid=6&articleid=106969,丰县环境保护局关于受理并拟批准徐州吉利达机电科技有限公司项目环境影响评价文件的公示
Article.asp?id=31&classid=6&articleid=107124,丰县环境保护局关于对徐州清流水环保科技有限公司项目竣工环境保护验收备案资料审批情况的公示
Article.asp?id=31&classid=6&articleid=106915,丰县环境保护局关于对已批准丰县鑫源生物质环保热电有限公司项目环境影响评价文件审批情况的公示
Article.asp?id=31&classid=6&articleid=106914,丰县环境保护局关于对已批准丰县深能新能源有限公司项目环境影响评价文件审批情况的公示
Article.asp?id=31&classid=6&articleid=106906,丰县环境保护局关于受理并拟批准徐州丰诚新材料科技有限公司项目环境影响评价文件的公示
Article.asp?id=31&classid=6&articleid=106868,丰县建立打好污染防治攻坚战目标任务完成情况月报及季评制度
Article.asp?id=31&classid=6&articleid=106848,丰县第二次全国污染源普查工作正式启动
Article.asp?id=31&classid=6&articleid=106836,丰县环境保护局关于对已批准徐州世威隆盛建设工程有限公司项目环境影响评价文件审批情况的公示
Article.asp?id=31&classid=6&articleid=106834,丰县环境保护局关于对已批准江苏三尔汽车部件有限公司项目环境影响评价文件审批情况的公示
Article.asp?id=31&classid=6&articleid=106754,丰县环境保护局关于对已批准济徐高速丰县顺河互通连接线工程项目环境影响评价文件审批情况的公示
Article.asp?id=31&classid=6&articleid=106744,丰县环保局关于委托社会环境检测机构对大沙河、复新河入河排污口（二标段）监测的询价公告
Article.asp?id=31&classid=6&articleid=106743,丰县环保局关于委托社会环境检测机构对大沙河、复新河入河排污口（一标段）监测的询价公告
Article.asp?id=31&classid=6&articleid=106739,丰县环境保护局关于受理并拟批准徐州世威隆盛建设工程有限公司项目环境影响评价文件的公示
Article.asp?id=31&classid=6&articleid=106710,丰县召开电动车车厢车架焊接打磨污染防治工作会议
Article.asp?id=31&classid=6&articleid=106605,丰县环境保护局关于对已批准徐州林家铺子食品有限公司项目环境影响评价文件审批情况的公示
Article.asp?id=31&classid=6&articleid=106601,丰县环境保护局关于受理并拟批准丰县鑫源生物质环保热电有限公司项目环境影响评价文件的公示
Article.asp?id=31&classid=6&articleid=106814,丰县环境保护局关于受理并拟批准江苏三尔汽车部件有限公司项目环境影响评价文件的公示
Article.asp?id=31&classid=6&articleid=106550,丰县环境保护局关于受理并拟批准丰县深能新能源有限公司丰县10MW光伏项目环境影响评价文件的公示
Article.asp?id=31&classid=6&articleid=106548,丰县环境保护局关于受理并拟批准济徐高速公路丰县顺河互通连线工程项目环境影响评价文件的公示
Article.asp?id=31&classid=6&articleid=106510,丰县环境保护局关于对已批准徐州泽鑫精密机械有限公司项目环境影响评价文件审批情况的公示
Article.asp?id=31&classid=6&articleid=106490,丰县环境保护局大沙河水质自动监测站点板房和配套设施购置及安装询价公告
Article.asp?id=31&classid=6&articleid=106455,丰县环境保护局关于对已批准丰县城乡道路工程建设项目环境影响评价文件审批情况的公示
Article.asp?id=31&classid=6&articleid=106454,丰县环境保护局关于对已批准江苏冠盛路桥工程有限公司华山拌合厂建设项目环境影响评价文件审批情况的公示
Article.asp?id=31&classid=6&articleid=106451,丰县环境保护局关于受理并拟批准年产300万件钣金制品项目环境影响评价文件的公示
Article.asp?id=31&classid=6&articleid=106361,丰县环境保护局关于受理并拟批准江苏冠盛路桥工程有限公司项目环境影响评价文件的公示
Article.asp?id=31&classid=6&articleid=106360,丰县环境保护局关于受理并拟批准徐州林家铺子食品有限公司项目环境影响评价文件的公示
Article.asp?id=31&classid=6&articleid=106356,丰县环保局委托社会环境监测机构对各企业进行监督性监测项目询价成交公告
Article.asp?id=31&classid=6&articleid=106278,丰县环保局以“战时状态”迅速落实市局大气污染防治会议精神
Article.asp?id=31&classid=6&articleid=106265,关于委托社会环境检测机构对江苏极易新材料有限公司等4家企业进行监督性监测的询价公告
Article.asp?id=31&classid=6&articleid=106264,关于委托社会环境检测机构对徐州乐源牧业有限公司等13家企业进行监督性监测的询价公告
Article.asp?id=31&classid=6&articleid=106263,关于委托社会环境检测机构对徐州佳丰食品有限公司等8家企业进行监督性监测的询价公告
Article.asp?id=31&classid=6&articleid=106262,关于委托社会环境检测机构对江苏博达生物科技有限公司等12家企业进行监督性监测的询价公告
Article.asp?id=31&classid=6&articleid=106261,关于委托社会环境检测机构对丰县华夏帽业有限公司等21家企业进行监督性监测的询价公告
Article.asp?id=31&classid=6&articleid=106259,关于委托社会环境检测机构对徐州世纪华腾木制品有限公司等12家企业进行监督性监测的询价公告
Article.asp?id=31&classid=6&articleid=106159,丰县环境保护局关于受理并拟批准丰县住房和城乡建设局项目环境影响评价文件的公示
Article.asp?id=31&classid=6&articleid=106156,丰县环境保护局关于对已批准徐州南普机电科技有限公司项目环境影响评价文件审批情况的公示
Article.asp?id=31&classid=6&articleid=106066,丰县召开绿色社区创建工作培训会
Article.asp?id=31&classid=6&articleid=106032,丰县环境保护局关于受理并拟批准徐州南普机电科技有限公司项目环境影响评价文件的公示
Article.asp?id=31&classid=6&articleid=105973,徐州恒兴石化有限公司丰徐南路加油站建设项目（噪声、固废部分）竣工环境保护验收意见
Article.asp?id=31&classid=6&articleid=105972,徐州帝昌商贸有限公司苏鲁边界加油站建设项目（噪声、固废部分）竣工环境保护验收意见
Article.asp?id=31&classid=6&articleid=105971,丰县瑞中电动车业有限公司丰县顺河义和村加油站项目（噪声、固废部分）竣工环境保护验收意见
Article.asp?id=31&classid=6&articleid=105962,丰县环境保护局关于对已批准江苏友迪光电装备有限公司项目环境影响评价文件审批情况的公示
Article.asp?id=31&classid=6&articleid=105961,丰县环境保护局关于对已批准徐州迅普光电科技有限公司项目环境影响评价文件审批情况的公示
Article.asp?id=31&classid=6&articleid=105875,环保局收看全省环保系统全面从严治党工作视频会议
Article.asp?id=31&classid=6&articleid=105863,丰县环境保护局关于对已批准江苏鼎旭节能建材科技有限公司项目环境影响评价文件审批情况的公示
Article.asp?id=31&classid=6&articleid=105862,丰县环境保护局关于对已批准徐州建滔能源有限公司项目环境影响评价文件审批情况的公示
Article.asp?id=31&classid=6&articleid=105854,丰县环境保护局关于受理并拟批准徐州迅普光电科技有限公司项目环境影响评价文件的公示
Article.asp?id=31&classid=6&articleid=105852,丰县环境保护局关于对已批准徐州建滔能源有限公司技术改造项目环境影响评价文件审批情况的公示
Article.asp?id=31&classid=6&articleid=105773,丰县环境保护局关于受理并拟批准徐州建滔能源有限公司项目环境影响评价文件的公示
Article.asp?id=31&classid=6&articleid=105764,丰县环境保护局关于受理并拟批准江苏友迪光电装备有限公司项目环境影响评价文件的公示
Article.asp?id=31&classid=6&articleid=105749,丰县环境保护局关于对已批准徐州申工金属科技有限公司项目环境影响评价文件审批情况的公示
Article.asp?id=31&classid=6&articleid=105719,丰县环境保护局关于对已批准丰县常店镇卫生院马楼分院病房综合楼项目环境影响评价文件审批情况的公示
Article.asp?id=31&classid=6&articleid=105717,丰县环境保护局关于受理并拟批准徐州建滔能源有限公司技改项目环境影响评价文件的公示
Article.asp?id=31&classid=6&articleid=105691,丰县环境保护局关于对已批准宝龙仕家小区二期建设项目环境影响评价文件审批情况的公示
Article.asp?id=31&classid=6&articleid=105690,丰县环境保护局关于对已批准宝龙仕家小区一期建设项目环境影响评价文件审批情况的公示
Article.asp?id=31&classid=6&articleid=105828,丰县环境保护局关于受理并拟批准江苏鼎旭节能建材科技有限公司项目环境影响评价文件的公示
Article.asp?id=31&classid=6&articleid=105631,丰县环境保护局关于对已批准徐州世锦机电科技有限公司建设项目环境影响评价文件审批情况的公示
Article.asp?id=31&classid=6&articleid=105622,丰县环境保护局关于受理并拟批准宝龙仕家小区二期建设项目环境影响评价文件的公示
Article.asp?id=31&classid=6&articleid=105621,丰县环境保护局关于受理并拟批准宝龙仕家小区一期建设项目环境影响评价文件的公示
Article.asp?id=31&classid=6&articleid=105579,丰县环境保护局关于对已批准丰县凯润电动车科技有限公司项目环境影响评价文件审批情况的公示
Article.asp?id=31&classid=6&articleid=105575,丰县环境保护局关于对已批准徐州上锻机械科技有限公司建设项目环境影响评价文件审批情况的公示
Article.asp?id=31&classid=6&articleid=105573,丰县环境保护局关于对已批准徐州丰成盐化工有限公司建设项目环境影响评价文件审批情况的公示
Article.asp?id=31&classid=6&articleid=105563,丰县环境保护局关于受理并拟批准的徐州世锦机电科技有限公司建设项目环境影响评价文件的公示
Article.asp?id=31&classid=6&articleid=105524,丰县环境保护局关于受理并拟批准徐州申工金属科技有限建设项目环境影响评价文件的公示
Article.asp?id=31&classid=6&articleid=105455,丰县环境保护局关于受理并拟批准丰县常店镇卫生院马楼分院建设项目环境影响评价文件的公示
Article.asp?id=31&classid=6&articleid=105448,丰县环境保护局关于对已批准丰县碧桂园房地产开发有限公司项目环境影响评价文件审批情况的公示
Article.asp?id=31&classid=6&articleid=105443,丰县环境保护局关于受理并拟批准徐州上锻科技有限公司项目环境影响评价文件的公示
Article.asp?id=31&classid=6&articleid=105380,丰县环境保护局关于受理并拟批准徐州丰成盐化工有限公司氯化铵技改项目环境影响评价文件的公示
Article.asp?id=31&classid=6&articleid=105353,丰县环境保护局关于对已批准徐州振丰新型墙体材料有限公司项目环境影响评价文件审批情况的公示
Article.asp?id=31&classid=6&articleid=105352,丰县环境保护局关于对已批准丰县伟恒木业有限公司项目环境影响评价文件审批情况的公示
Article.asp?id=31&classid=6&articleid=105351,丰县环境保护局关于对已批准丰县宋楼镇人民政府丰县宋楼工业集中区规划项目环境影响评价文件审批情况的公示
Article.asp?id=31&classid=6&articleid=105350,丰县环境保护局关于对已批准丰县立华牧业有限公司王沟商品猪养殖场建设项目环境影响评价文件审批情况的公示
Article.asp?id=31&classid=6&articleid=105349,丰县环境保护局关于受理并拟批准丰县凯润电动车科技有限公司年产10万辆电动车项目环境影响评价文件的公示
Article.asp?id=31&classid=6&articleid=105336,为做好全国“两会”期间安全生产环保局、商务局联合对全县加油站执法检查
Article.asp?id=31&classid=6&articleid=105320,丰县环境保护局关于对建设项目竣工环境保护验收备案资料审批情况的公示
Article.asp?id=31&classid=6&articleid=105319,丰县环境保护局关于建设项目竣工环境保护验收备案资料审批情况的公示
Article.asp?id=31&classid=6&articleid=105317,丰县环境保护局关于受理并拟批准的徐州振丰新型墙体材料有限公司建设项目环境影响评价文件的公示
Article.asp?id=31&classid=6&articleid=105313,丰县环境保护局关于对已批准污水处理站扩建项目环境影响评价文件审批情况的公示
Article.asp?id=31&classid=6&articleid=105307,丰县环境保护局关于对已批准年产1.5万吨刹车锅、机床配件技术改造项目环境影响评价文件审批情况的公示
Article.asp?id=31&classid=6&articleid=105283,环保局参加“学雷锋日”暨“丰县•奉献”志愿服务主题月启动仪式
Article.asp?id=31&classid=6&articleid=105314,丰县环境保护局关于受理并拟批准的栖凤台小区一期建设项目环境影响评价文件的公示
Article.asp?id=31&classid=6&articleid=105166,丰县环境保护局关于受理并拟批准的年产60万套橱柜生产线建设项目环境影响评价文件的公示
Article.asp?id=31&classid=6&articleid=105130,丰县环境保护局关于对已批准丰县立华牧业有限公司项目环境影响评价文件审批情况的公示
Article.asp?id=31&classid=6&articleid=105138,丰县环境保护局关于受理并拟批准的王沟商品猪养殖场项目环境影响评价文件的公示
Article.asp?id=31&classid=6&articleid=105097,丰县环境保护局关于对徐州南普机电科技有限公司建设项目竣工环境保护验收备案资料审批情况的公示
Article.asp?id=31&classid=6&articleid=105090,丰县环境保护局关于对已批准丰县电动车产业园标准厂房建设项目环境影响评价文件审批情况的公示
Article.asp?id=31&classid=6&articleid=105069,丰县环保局召开中央、省环保督察、“263”专项行动 省大气交叉执法等上级交办案件整改推进会
Article.asp?id=31&classid=6&articleid=105045,丰县环境保护局关于受理并拟批准江苏博达生物科技有限公司污水处理站扩建项目环境影响评价文件的公示
Article.asp?id=31&classid=6&articleid=105023,丰县环境保护局关于受理并拟批准丰县电动车产业园标准厂房项目环境影响评价文件的公示
Article.asp?id=31&classid=6&articleid=105021,丰县环境保护局关于受理并拟批准梁寨商品猪养殖场项目环境影响评价文件的公示
Article.asp?id=31&classid=6&articleid=105020,丰县环境保护局关于受理并拟批准徐州中盛园艺品制造有限公司项目环境影响评价文件的公示
Article.asp?id=31&classid=6&articleid=104916,丰县环境保护局关于对已批准丰县华夏动物无害化处理中心建设项目环境影响评价文件审批情况的公示
Article.asp?id=31&classid=6&articleid=104915,丰县环境保护局关于对已批准丰县高新技术创业园有限公司建设项目环境影响评价文件审批情况的公示
Article.asp?id=31&classid=6&articleid=104887,丰县环境保护局关于对已批准徐州铭山路桥机械设备制造有限公司建设项目环境影响评价文件审批情况的公示
Article.asp?id=31&classid=6&articleid=104848,丰县环保局与中阳里古丰社区联合举办迎新年送环保春联系列活动
Article.asp?id=31&classid=6&articleid=104822,丰县环境保护局关于受理并拟批准的丰县高新技术产业园厂房建设项目环境影响评价文件的公示
Article.asp?id=31&classid=6&articleid=105318,丰县环境保护局关于受理并拟批准丰县宋楼镇人民政府丰县宋楼工业集中区规划项目环境影响评价文件的公示
Article.asp?id=31&classid=6&articleid=104798,丰县环境保护局关于对已批准煤矸石制砖技改项目环境影响评价文件审批情况的公示
Article.asp?id=31&classid=6&articleid=104785,丰县环境保护局关于对已批准丰县城区基础设施建设项目环境影响评价文件审批情况的公示
Article.asp?id=31&classid=6&articleid=104784,丰县环境保护局关于对已批准年产2400万毫米蓝宝石晶砖建设项目环境影响评价文件审批情况的公示
Article.asp?id=31&classid=6&articleid=104767,丰县环境保护局关于受理并拟批准的徐州铭山路桥机械设备制造有限公司建设项目环境影响评价文件的公示
Article.asp?id=31&classid=6&articleid=104742,丰县环境保护局关于受理并拟批准的煤矸石技改项目建设项目环境影响评价文件的公示
Article.asp?id=31&classid=6&articleid=104738,丰县环境保护局关于受理并拟批准的丰县华夏动物无害化处理建设项目环境影响评价文件的公示
Article.asp?id=31&classid=6&articleid=104609,丰县环境保护局关于受理并拟批准的丰县城区基础设施建设项目环境影响评价文件的公示目
Article.asp?id=31&classid=6&articleid=104403,丰县环境保护局关于2018年1月23日对已批准建设项目竣工环境保护验收备案资料审批情况的公示
Article.asp?id=31&classid=6&articleid=104598,丰县环境保护局关于受理并拟批准的年产2400万毫米蓝宝石晶砖项目建设项目环境影响评价文件的公示
Article.asp?id=31&classid=6&articleid=104373,关于对反映徐州丰成盐化工有限公司存在重大环保问题查处情况的公示
Article.asp?id=31&classid=6&articleid=104311,县环保局开展节前环境安全隐患大排查大整治专项行动
Article.asp?id=31&classid=6&articleid=104310,县政府召开环境保护与生态提升工作会议
Article.asp?id=31&classid=6&articleid=104265,市绿色学校创建专家组来丰指导省级绿色学校创建工作
Article.asp?id=31&classid=6&articleid=104350,丰县环境保护局关于2018年1月16日对已批准建设项目竣工环境保护验收备案资料审批情况的公示
Article.asp?id=31&classid=6&articleid=104209,联合执法  铁拳出击 县环保局依法取缔3家污染严重的小铸造企业
Article.asp?id=31&classid=6&articleid=104076,省环保厅专家来丰指导挥发性有机物（VOCs）污染源填报工作
Article.asp?id=31&classid=6&articleid=104058,我县召开加油站地下油罐防渗改造工作会议
Article.asp?id=31&classid=6&articleid=104019,丰县环境保护局关于对已批准师寨商品猪养殖场建设项目环境影响评价文件审批情况的公示
Article.asp?id=31&classid=6&articleid=104018,丰县环境保护局关于对已批准挂车车厢生产建设项目环境影响评价文件审批情况的公示
Article.asp?id=31&classid=6&articleid=104016,丰县环境保护局关于对已批准张五楼西安置小区建设项目环境影响评价文件审批情况的公示
Article.asp?id=31&classid=6&articleid=103999,丰县环保局四项措施强化环境执法后督察
Article.asp?id=31&classid=6&articleid=103980,丰县环境保护局关于受理并拟批准的师寨商品猪养殖场项目建设项目环境影响评价文件的公示
Article.asp?id=31&classid=6&articleid=103785,丰县环境保护局关于受理并拟批准的丰县张五楼西安置小区建设项目环境影响评价文件的公示
Article.asp?id=31&classid=6&articleid=103783,丰县环境保护局关于对已批准CNG母站与常规站建设项目环境影响评价文件审批情况的公示
Article.asp?id=31&classid=6&articleid=103782,丰县环境保护局关于对已批准钣金、喷漆、喷塑建设项目环境影响评价文件审批情况的公示
Article.asp?id=31&classid=6&articleid=103781,丰县环保局多措并举确保元旦期间环境安全
Article.asp?id=31&classid=6&articleid=103727,丰县环境保护局关于对已批准焦炉煤气综合利用热电联产建设项目环境影响评价文件审批情况的公示
Article.asp?id=31&classid=6&articleid=103726,丰县环境保护局关于对已批准年加工550万件手机外壳生产线建设项目环境影响评价文件审批情况的公示
Article.asp?id=31&classid=6&articleid=103725,丰县环境保护局关于对已批准年产20000套家具生产线建设项目环境影响评价文件审批情况的公示
Article.asp?id=31&classid=6&articleid=103645,徐州国发新奥能源有限公司第二次公示
Article.asp?id=31&classid=6&articleid=103613,丰县环境保护局关于受理并拟批准的江苏海丰交通设备有限公司挂车车厢生产建设项目环境影响评价文件的公示
Article.asp?id=31&classid=6&articleid=103612,丰县环境保护局关于受理并拟批准的丰县济徐能源有限公司CNG母站与常规站建设项目环境影响评价文件的公示
Article.asp?id=31&classid=6&articleid=103611,丰县环境保护局关于受理并拟批准的年加工550万件手机外壳生产线建设项目环境影响评价文件的公示
Article.asp?id=31&classid=6&articleid=103846,丰县环境保护局关于2017年12月21日受理并拟批准的建设项目环境影响评价文件的公示
Article.asp?id=31&classid=6&articleid=103482,丰县环保局开展加油站油气回收专项检查
Article.asp?id=31&classid=6&articleid=103470,丰县环境保护局关于对已批准丰县电动车产业园标准厂房建设项目环境影响评价文件审批情况的公示
Article.asp?id=31&classid=6&articleid=103469,丰县环境保护局关于对已批准丰县刘楼北区块建设项目环境影响评价文件审批情况的公示
Article.asp?id=31&classid=6&articleid=103468,丰县环境保护局关于对已批准年产1万吨机械配件建设项目环境影响评价文件审批情况的公示
Article.asp?id=31&classid=6&articleid=103584,丰县环境保护局关受理并拟批准的年产20000套家具生产建设项目环境影响评价文件的公示
Article.asp?id=31&classid=6&articleid=103583,丰县环境保护局关于受理并拟批准的钣金、喷漆、喷塑建设项目环境影响评价文件的公示
Article.asp?id=31&classid=6&articleid=103436,环保局召开全县人造板和家具制造业环境污染专项治理督查会议
Article.asp?id=31&classid=6&articleid=103392,县环保局召开安全生产工作部署会
Article.asp?id=31&classid=6&articleid=103319,我县召开复新河沙庄桥、大沙河华山闸断面达标论证会
Article.asp?id=31&classid=6&articleid=103287,丰县环境保护局关于受理并拟批准年产1万吨机械配件建设项目环境影响评价文件的公示
Article.asp?id=31&classid=6&articleid=103255,县环保局积极参加“12 .4” 国家宪法日暨全国法制宣传日活动
Article.asp?id=31&classid=6&articleid=103275,丰县环境保护局关于受理并拟批准丰县电动车产业园标准厂房建设项目环境影响评价文件的公示
Article.asp?id=31&classid=6&articleid=103254,县环保局积极开展12.2“全国交通安全日”暨第32个“国际志愿者日”宣传活动
Article.asp?id=31&classid=6&articleid=103193,丰县环境保护局关于受理并拟批准丰县刘楼北区块建设项目环境影响评价文件的公示
Article.asp?id=31&classid=6&articleid=103059,丰、沛两县环保局联合执法查封一家非法企业
Article.asp?id=31&classid=6&articleid=102997,丰县环保局召开学习十九大报告专题会
Article.asp?id=31&classid=6&articleid=102993,丰县环境保护局关于对已批准电动车三轮车涂装生产线项目环境影响评价文件审批情况的公示
Article.asp?id=31&classid=6&articleid=102992,丰县环境保护局关于对已批准年产800万只钢轮、200万只铝轮建设项目环境影响评价文件审批情况的公示
Article.asp?id=31&classid=6&articleid=102991,丰县环境保护局关于对已批准年屠宰加工800万只肉鸭改建项目环境影响评价文件审批情况的公示
Article.asp?id=31&classid=6&articleid=102957,丰县环境保护局关于受理并拟批准年屠宰加工800万只肉鸭改建项目环境影响评价文件的公示
Article.asp?id=31&classid=6&articleid=102940,丰县环境保护局关于对已批准丰县代庄加油站建设项目环境影响评价文件审批情况的公示
Article.asp?id=31&classid=6&articleid=102894,丰县环境保护局关于受理并拟批准的丰县代庄加油站建设项目环境影响评价文件的公示
Article.asp?id=31&classid=6&articleid=102886,丰县环境保护局关于受理并拟批准的钢轮、铝轮项目环境影响评价文件的公示
Article.asp?id=31&classid=6&articleid=102693,县环保局组织收听收看全省环保系统学习贯彻党的十九大精神视频会议
Article.asp?id=31&classid=6&articleid=102592,项目询价成交公告
Article.asp?id=31&classid=6&articleid=102566,丰县环保局开展2017年度“千家评机关”网上评议活动
Article.asp?id=31&classid=6&articleid=102400,丰县环保局关于委托社会环境检测机构对江苏心实肥业、徐州百农思达化学品有限公司进行监督性监测的询价公告
Article.asp?id=31&classid=6&articleid=102399,丰县环保局关于委托社会环境检测机构对江苏派克斯特纤维素、徐州清流水环保科技进行监督性监测的询价公告
Article.asp?id=31&classid=6&articleid=102398,丰县环保局关于委托社会环境检测机构对徐州力源化工、江苏平光制药有限责任公司进行监督性监测的询价公告
Article.asp?id=31&classid=6&articleid=102313,县环保局采取有效措施应对重污染天气
Article.asp?id=31&classid=6&articleid=102263,县环保局召开机动车维修行业环境污染专项整治工作会
Article.asp?id=31&classid=6&articleid=102262,县环保局集中收听收看十九大开幕会直播
Article.asp?id=31&classid=6&articleid=102129,我县启用无人机航拍巡查 助力“263”专项行动
Article.asp?id=31&classid=6&articleid=102339,丰县环境保护局关于受理并拟批准徐州鸿润达涂装设备有限公司建设项目环境影响评价文件的公示
Article.asp?id=31&classid=6&articleid=101962,丰县环境保护局关于对已批准大沙河路面拓宽及景观提升工程项目环境影响评价文件审批情况的公示
Article.asp?id=31&classid=6&articleid=101961,丰县环境保护局关于对已批准丰单路路面拓宽及景观提升工程项目环境影响评价文件审批情况的公示
Article.asp?id=31&classid=6&articleid=101960,丰县环境保护局关于对已批准振丰路路面拓宽及景观提升工程项目环境影响评价文件审批情况的公示
Article.asp?id=31&classid=6&articleid=101938,丰县环境保护局关于对已批准丰县张素侠诊所建设项目环境影响评价文件审批情况的公示
Article.asp?id=31&classid=6&articleid=101937,丰县环境保护局关于对已批准丰县张慎平诊所建设项目环境影响评价文件审批情况的公示
Article.asp?id=31&classid=6&articleid=101936,丰县环境保护局关于对已批准丰县师厚民诊所建设项目环境影响评价文件审批情况的公示
Article.asp?id=31&classid=6&articleid=101935,丰县环境保护局关于对已批准丰县李琼诊所建设项目环境影响评价文件审批情况的公示
Article.asp?id=31&classid=6&articleid=101916,丰县环境保护局关于对已批准丰县王光党中医诊所建设项目环境影响评价文件审批情况的公示
Article.asp?id=31&classid=6&articleid=101915,丰县环境保护局关于对已批准丰县广宇中学医务室建设项目环境影响评价文件审批情况的公示
Article.asp?id=31&classid=6&articleid=101914,丰县环境保护局关于对已批准丰县段萍诊所建设项目环境影响评价文件审批情况的公示
Article.asp?id=31&classid=6&articleid=101913,丰县环境保护局关于对已批准丰县吴高峰口腔诊所建设项目环境影响评价文件审批情况的公示
Article.asp?id=31&classid=6&articleid=101911,丰县环境保护局关于对已批准丰县孙毅诊所建设项目环境影响评价文件审批情况的公示
Article.asp?id=31&classid=6&articleid=101910,丰县环境保护局关于受理并拟批准徐州盛镁新材料有限公司水性涂料分装建设项目环境影响评价文件的公示
Article.asp?id=31&classid=6&articleid=101899,县环保局召开油性漆改水性漆推行现场会
Article.asp?id=31&classid=6&articleid=101809,丰县环保局完成复新河沙庄桥国考断面桩建设工作
Article.asp?id=31&classid=6&articleid=101531,丰县环境保护局关于对已批准丰县安居十一期南区块项目环境影响评价文件审批情况的公示
Article.asp?id=31&classid=6&articleid=101774,丰县环保局开展医疗行业环境污染整治专项检查
Article.asp?id=31&classid=6&articleid=101770,丰县华夏动物无害化处理建设项目第二次环评公示
Article.asp?id=31&classid=6&articleid=101758,丰县环境保护局关于对已批准丰县坤芮粮食物流中心电子商务大楼建设项目环境影响评价文件审批情况的公示
Article.asp?id=31&classid=6&articleid=101748,丰县环境保护局关于对已批准徐州盛元泰电动车业有限公司项目环境影响评价文件审批情况的公示
Article.asp?id=31&classid=6&articleid=101812,丰县环境保护局关于受理并拟批准年产2万套家具生产线项目环境影响评价文件的公示
Article.asp?id=31&classid=6&articleid=101722,丰县环境保护局关于对已批准丰县马楼供销合作社营业用房改造项目环境影响评价文件审批情况的公示
Article.asp?id=31&classid=6&articleid=101720,市质监局专家组来丰考核丰县环境监测站信用等级评价工作
Article.asp?id=31&classid=6&articleid=101677,丰县环境保护局关于受理并拟批准丰县马楼供销合作社营业用房改造项目环境影响评价文件的公示
Article.asp?id=31&classid=6&articleid=101788,丰县环境保护局关于对已批准江苏君乐宝乳业有限公司年产7万吨乳饮品技改项目环境影响评价文件的公示
Article.asp?id=31&classid=6&articleid=101659,机动车环保标志电子卡第一期工程结束 近70万张电子卡发放完毕
Article.asp?id=31&classid=6&articleid=101590,环保局组织召开全县环境安全隐患整治工作推进会
Article.asp?id=31&classid=6&articleid=101513,县环保局召开党员干部廉政教育专题报告会
Article.asp?id=31&classid=6&articleid=101504,丰县环境保护局关于受理并拟批准电子商务大楼建设项目环境影响评价文件的公示
Article.asp?id=31&classid=6&articleid=101478,丰县环境保护局关于受理并拟批准丰县安居十一期南区块建设项目环境影响评价文件的公示
Article.asp?id=31&classid=6&articleid=101469,丰县环境保护局关于对已批准工业废物资源化循环回收利用技改项目环境影响评价文件审批情况的公示
Article.asp?id=31&classid=6&articleid=101468,丰县环境保护局关于对已批准年处理10万套电动车烤漆生产线项目环境影响评价文件审批情况的公示
Article.asp?id=31&classid=6&articleid=101467,丰县环境保护局关于对已批准电动车水性烤漆生产线项目环境影响评价文件审批情况的公示
Article.asp?id=31&classid=6&articleid=101466,丰县环境保护局关于对已批准的丰县常店卫生院马楼分院新建病房楼项目环境影响评价文件审批情况的公示
Article.asp?id=31&classid=6&articleid=101385,县环保局积极做好新《建设项目环境影响评价分类管理名录》实施准备工作
Article.asp?id=31&classid=6&articleid=101604,丰县华夏动物无害化处理中心项目第一次环评公示
Article.asp?id=31&classid=6&articleid=101795,丰县环境保护局关于受理并拟批准江苏君乐宝乳业有限公司年产7万吨乳饮料技改项目环境影响评价文件的公示
Article.asp?id=31&classid=6&articleid=101197,丰县环境保护局关于对已批准的江苏君乐宝乳业有限公司LNG储气站项目环境影响评价文件审批情况的公示
Article.asp?id=31&classid=6&articleid=101195,丰县环境保护局关于对已批准的徐州酱香居生态食品有限公司建设项目环境影响评价文件审批情况的公示
Article.asp?id=31&classid=6&articleid=101194,丰县环境保护局关于对已批准的丰县李翠娟诊所项目环境影响评价文件审批情况的公示
Article.asp?id=31&classid=6&articleid=101193,丰县环境保护局关于对已批准的丰县孙雷诊所项目环境影响评价文件审批情况的公示
Article.asp?id=31&classid=6&articleid=101192,丰县环境保护局关于对已批准的丰县蔺俊杰中医诊所项目环境影响评价文件审批情况的公示
Article.asp?id=31&classid=6&articleid=101191,丰县环境保护局关于对已批准的丰县董志取诊所项目环境影响评价文件审批情况的公示
Article.asp?id=31&classid=6&articleid=101190,丰县环境保护局关于对已批准的丰县张成海诊所项目环境影响评价文件审批情况的公示
Article.asp?id=31&classid=6&articleid=101178,丰县环境保护局关于受理并拟批准丰县段萍诊所建设项目环境影响评价文件的公示
Article.asp?id=31&classid=6&articleid=101175,丰县环境保护局关于受理并拟批准丰县广宇中学医务室项目环境影响评价文件的公示
Article.asp?id=31&classid=6&articleid=101174,丰县环境保护局关于受理并拟批准丰县王光党中医诊所建设项目环境影响评价文件的公示
Article.asp?id=31&classid=6&articleid=101172,丰县环境保护局关于受理并拟批准丰县吴高峰口腔诊所建设项目环境影响评价文件的公示
Article.asp?id=31&classid=6&articleid=101171,丰县环境保护局关于受理并拟批准丰县孙毅诊所建设项目环境影响评价文件的公示
Article.asp?id=31&classid=6&articleid=101816,丰县环境保护局关于受理并拟批准丰县李琼诊所项目环境影响评价文件的公示
Article.asp?id=31&classid=6&articleid=101815,丰县环境保护局关于受理并拟批准丰县师厚民诊所项目环境影响评价文件的公示
Article.asp?id=31&classid=6&articleid=101814,丰县环境保护局关于受理并拟批准丰县张素侠诊所项目环境影响评价文件的公示
Article.asp?id=31&classid=6&articleid=101813,丰县环境保护局关于受理并拟批准丰县张慎平诊所项目环境影响评价文件的公示
Article.asp?id=31&classid=6&articleid=101140,丰县环境保护局关于2017年8月25日受理并拟批准的建设项目环境影响评价文件的公示
Article.asp?id=31&classid=6&articleid=101510,丰县环境保护局关于受理并拟批准马楼分院新建病房综合楼项目环境影响评价文件的公示
Article.asp?id=31&classid=6&articleid=101246,丰县环境保护局关于受理并拟批准丰单路路面拓宽及景观提升工程项目环境影响评价文件的公示
Article.asp?id=31&classid=6&articleid=101245,丰县环境保护局关于受理并拟批准大沙河路面拓宽及景观提升工程项目环境影响评价文件的公示
Article.asp?id=31&classid=6&articleid=101244,丰县环境保护局关于受理并拟批准振丰路路面拓宽及景观提升工程项目环境影响评价文件的公示
Article.asp?id=31&classid=6&articleid=100980,我县召开养牛场环境污染整治会议
Article.asp?id=31&classid=6&articleid=100942,丰县环境保护局关于受理并拟批准江苏君乐宝乳业有限公司LNG储气站项目环境影响报告表的公示
Article.asp?id=31&classid=6&articleid=100805,环保局召开学习《违反中央八项规定精神和隐形“四风”问题常见表现形式及典型案例》专题会议
Article.asp?id=31&classid=6&articleid=100799,江苏将开展第二次全国污染源普查
Article.asp?id=31&classid=6&articleid=100757,丰县环境保护局关于2017年8月8日对已批准建设项目环境影响评价文件审批情况的公示
Article.asp?id=31&classid=6&articleid=100669,丰县环境保护局关于2017年8月3日受理丰县李翠娟诊所项目环境影响评价文件的公示
Article.asp?id=31&classid=6&articleid=100668,丰县环境保护局关于2017年8月3日受理丰县孙雷诊所项目环境影响评价文件的公示
Article.asp?id=31&classid=6&articleid=100623,环保局组织召开全县医疗机构环境污染专项整治推进会 
Article.asp?id=31&classid=6&articleid=100580,丰县环境保护局关于2017年7月31日对已批准建设项目环境影响评价文件审批情况的公示
Article.asp?id=31&classid=6&articleid=100578,丰县环境保护局关于2017年7月31日对已批准丰县刘玉芳诊所项目环境影响评价文件审批情况的公示
Article.asp?id=31&classid=6&articleid=100575,环保局认真贯彻落实丰县第十五届三次全会精神
Article.asp?id=31&classid=6&articleid=100498,丰县环境保护局2017年7月27日受理并拟批准丰县蔺俊杰中医诊所项目环境影响评价文件的公示
Article.asp?id=31&classid=6&articleid=100497,丰县环境保护局2017年7月27日受理并拟批准丰县董志取诊所项目环境影响评价文件的公示
Article.asp?id=31&classid=6&articleid=100494,丰县环境保护局关于2017年7月27日受理并拟批准张成海诊所项目环境影响评价文件的公示
Article.asp?id=31&classid=6&articleid=100430,县环保局组织收看大型政论专题片《将改革进行到底》第六集《守住绿水青山》
Article.asp?id=31&classid=6&articleid=100395,丰县环境保护局关于《徐州顺华车业有限公司年产2万套电动三轮车电泳喷漆项目自查评估报告》的公示
Article.asp?id=31&classid=6&articleid=100394,丰县环境保护局关于《徐州茗丰木业有限公司年产11000立方米胶合板加工项目目自查评估报告》的公示
Article.asp?id=31&classid=6&articleid=99979,丰县环境保护局受理年产150万套箱体、80万件半轴、80万件后桥生产项目公示
Article.asp?id=31&classid=6&articleid=98701,年加工3万立方米多层胶合板生产线建设项目受理并拟批准公示
Article.asp?id=31&classid=6&articleid=100314,丰县环境保护局关于《徐州滕氏新型墙体材料有限公司年产6500万块煤矸石烧结砖建设项目》的公示
Article.asp?id=31&classid=6&articleid=100307,丰县环境保护局关于2017年7月17日对已批准建设项目环境影响评价文件审批情况的公示
Article.asp?id=31&classid=6&articleid=100305,丰县环境保护局关于2017年7月17日对已批准建设项目环境影响评价文件审批情况的公示
Article.asp?id=31&classid=6&articleid=100286,全国人大常委会执法检查组来丰检查
Article.asp?id=31&classid=6&articleid=100247,丰县环境保护局关于《江苏苏艺家具有限公司年产10000套木门、单板、家具项目自查评估报告》的公示
Article.asp?id=31&classid=6&articleid=100240,丰县环境保护局关于《徐州创力纤维有限公司年产5000吨纤维素项目自查评估报告》的公示
Article.asp?id=31&classid=6&articleid=100238,丰县环境保护局关于《徐州超杰电动车配件有限公司年产7万套电机外壳生产项目自查评估报告》的公示
Article.asp?id=31&classid=6&articleid=100234,丰县环境保护局关于《徐州苏航机械科技有限公司年产5000吨机械配件项目自查评估报告》的公示
Article.asp?id=31&classid=6&articleid=100220,丰县环境保护局关于2017年7月12日对已批准建设项目环境影响评价文件审批情况的公示
Article.asp?id=31&classid=6&articleid=100154,丰县环境保护局关于《徐州三朋机械制造有限公司自查评估报告》的公示
Article.asp?id=31&classid=6&articleid=100148,丰县环境保护局关于2017年7月7日对已批准建设项目环境影响评价文件审批情况的公示
Article.asp?id=31&classid=6&articleid=100047,我省发布“十三五”节能减排实施方案 未达标将问责地方政府
Article.asp?id=31&classid=6&articleid=100036,丰县环境保护局2017年7月3日受理并拟批准丰县刘玉芳诊所项目公示
Article.asp?id=31&classid=6&articleid=100035,丰县环境保护局2017年7月3日受理并拟批准丰县张道陵诊所项目公示
Article.asp?id=31&classid=6&articleid=100034,丰县环境保护局2017年7月3日受理并拟批准丰县薛艺鸿诊所项目公示
Article.asp?id=31&classid=6&articleid=99945,徐州清流水环保科技有限公司工业废物资源化循环回收利用技改项目受理公示
Article.asp?id=31&classid=6&articleid=99938,丰县环境保护局关于《徐州市三联工贸有限责任公司年产12000台欧式壁炉项目自查评估报告》的公示
Article.asp?id=31&classid=6&articleid=99937,丰县环境保护局关于《徐州铸工机械制造有限公司年产6000台欧式壁炉项目自查评估报告》的公示
Article.asp?id=31&classid=6&articleid=99936,丰县环境保护局关于《丰县吉祥鸟工艺品有限公司年产12000吨铸件项目自查评估报告》的公示
Article.asp?id=31&classid=6&articleid=99914,丰县子午河旅游公路建设项目受理公示
Article.asp?id=31&classid=6&articleid=99895,丰县昌盛新能源科技有限公司电动车水性烤漆生产线建设项目受理公示
Article.asp?id=31&classid=6&articleid=99825,丰县环境保护局关于《徐州金亿来铸造有限公司年产5万副电动车板簧项目自查评估报告》的公示
Article.asp?id=31&classid=6&articleid=99781,关于撤销徐州东大特种气体有限公司项目批复文件的公告
Article.asp?id=31&classid=6&articleid=99776,环保局多措并举全力保障我县汛期环境安全
Article.asp?id=31&classid=6&articleid=99819,丰县骏逸电动车配件厂板簧生产线项目已批准公示
Article.asp?id=31&classid=6&articleid=99818,徐州华宇电动车配件有限公司塑件UV光固化流水线项目已批准公示
Article.asp?id=31&classid=6&articleid=99771,徐州埃比西斯机械有限公司机械零部件加工厂建设项目受理并拟批准公示
Article.asp?id=31&classid=6&articleid=99747,我县颁出首张国家版排污许可证
Article.asp?id=31&classid=6&articleid=99755,徐州富邦电动车科技有限公司年处理10万套电动车烤漆生产线项目受理并拟批准公示
Article.asp?id=31&classid=6&articleid=99698,县环保局开展危险废物规范化宣传
Article.asp?id=31&classid=6&articleid=99694,我县开展环境安全隐患排查治理工作
Article.asp?id=31&classid=6&articleid=99634,丰县环境保护局关于《徐州永盛食品有限公司年产5000吨脱水蔬菜项目自查评估报告》的公示
Article.asp?id=31&classid=6&articleid=99633,丰县环境保护局关于《徐州瑞达木业有限公司年产2700m3/a胶合板项目自查评估报告》的公示
Article.asp?id=31&classid=6&articleid=99632,丰县环境保护局关于《江苏天元中科生物技术有限公司饮料加工项目自查评估报告》的公示
Article.asp?id=31&classid=6&articleid=99622,丰县环境保护局关于《江苏森宝节能材料有限公司年产30万只镜框项目自查评估报告》的公示
Article.asp?id=31&classid=6&articleid=99621,丰县环境保护局关于《丰县恒盛液压机械设备制造有限公司年产10万件液压配件项目自查评估报告》的公示
Article.asp?id=31&classid=6&articleid=99620,丰县环境保护局关于《徐州韩东食品有限公司食品加工项目》的公示
Article.asp?id=31&classid=6&articleid=99584,县人大常委会开展全县环保执法检查
Article.asp?id=31&classid=6&articleid=99558,丰县环保局委托社会环境监测机构对丰县喷漆企业排放废气监督性监测 项目询价成交公告
Article.asp?id=31&classid=6&articleid=99534,丰县城镇燃气管道项目已批准公示
Article.asp?id=31&classid=6&articleid=99504,拒绝套路  挤掉水分  丰县实施“263”专项行动“村村过”
Article.asp?id=31&classid=6&articleid=99490,丰县环境保护局2017年度覆盖拉网式农村环境综合整治工程垃圾箱体项目公开招标公告
Article.asp?id=31&classid=6&articleid=99456,丰县环保局关于委托社会环境检测机构对丰县喷漆企业废气排放进行监督性监测的询价公告
Article.asp?id=31&classid=6&articleid=99400,我县组织召开医疗机构环境管理安全工作会议
Article.asp?id=31&classid=6&articleid=99366,我县召开食品加工企业环境专项整治工作会议
Article.asp?id=31&classid=6&articleid=100332,丰县环境保护局关于撤销徐州双诚食品有限公司年产200吨水果罐头建设项目环境影响报告表批复文件的公告
Article.asp?id=31&classid=6&articleid=99327,我县举行“六•五”环境日暨第五届全省环境宣传教育周启动仪式
Article.asp?id=31&classid=6&articleid=99262,入户走访察民情 精准扶贫暖民心―环保局开展“百千万”集中走访帮扶活动
Article.asp?id=31&classid=6&articleid=99318,丰县润丰机动车检测有限公司机动车检测站建设项目已批准公示
Article.asp?id=31&classid=6&articleid=99247, 丰县城镇燃气管道项目受理并拟批准公示
Article.asp?id=31&classid=6&articleid=99232,年产500吨肉制品加工生产线项目受理并拟批准公示
Article.asp?id=31&classid=6&articleid=99154,塑件UV光固化流水线项目受理并拟批准公示
Article.asp?id=31&classid=6&articleid=99070,县环保局积极谋划六•五环境宣传日活动
Article.asp?id=31&classid=6&articleid=99050,丰县润丰机动车检测站建设项目受理并拟批准公示
Article.asp?id=31&classid=6&articleid=98941,市环保局来我县检查验收市级绿色社区创建工作
Article.asp?id=31&classid=6&articleid=99076,丰县凤城镇西城社区卫生服务站建设项目已批准公示
Article.asp?id=31&classid=6&articleid=99075,丰县闫法明诊所建设项目已批准公示
Article.asp?id=31&classid=6&articleid=98826,丰县骏逸电动车配件厂板簧生产线建设项目受理并拟批准公示
Article.asp?id=31&classid=6&articleid=98745,丰县开展“倡导绿色生活•共建美丽家园”环保宣教进社区活动
Article.asp?id=31&classid=6&articleid=98731,丰县环保局委托社会环境监测机构对徐州建滔能源有限公司监督性监测 项目询价成交公告
Article.asp?id=31&classid=6&articleid=98700,丰县凤城镇西城社区卫生服务站项目受理并拟批准公示
Article.asp?id=31&classid=6&articleid=98699,丰县闫法明诊所项目受理并拟批准公示
Article.asp?id=31&classid=6&articleid=98668,县环保局积极组织参与“寻找环保小天使”儿童绘画大赛
Article.asp?id=31&classid=6&articleid=98622,丰县环保局关于委托社会环境检测机构对徐州建滔能源有限公司进行监督性监测的询价公告
Article.asp?id=31&classid=6&articleid=98614,县环保局召开全县企业环境安全隐患排查治理及重点企业环境安全达标建设工作推进会
Article.asp?id=31&classid=6&articleid=98587,2017年世界环境日中国主题“绿水青山就是金山银山”
Article.asp?id=31&classid=6&articleid=98620,徐州清流水环保科技有限公司工业废物资源化循环回收利用技改项目环境影响评价信息第二次公示
Article.asp?id=31&classid=6&articleid=98613,丰县博爱医院项目已批准公示
Article.asp?id=31&classid=6&articleid=98611,丰县奚道军诊所项目已批准公示
Article.asp?id=31&classid=6&articleid=98333,县环保局向公安机关移交一起环境违法案件
Article.asp?id=31&classid=6&articleid=98323,丰县环境保护局关于徐州顶立板簧有限公司的查封押决定书
Article.asp?id=31&classid=6&articleid=98207,关于举办“寻找环保小天使”儿童绘画大赛的通知
Article.asp?id=31&classid=6&articleid=98607,丰县奚道军诊所项目受理并拟批准公示
Article.asp?id=31&classid=6&articleid=98610, 徐州盖氏现代农业有限公司改扩建果蔬加工仓储项目已批准公示
Article.asp?id=31&classid=6&articleid=98071,丰县环境保护局关于徐州远见电动科技有限公司的查封扣押决定书
Article.asp?id=31&classid=6&articleid=98609,丰县博爱医院项目受理并拟批准公示
Article.asp?id=31&classid=6&articleid=98028,徐州清流水环保科技有限公司工业废物资源化循环回收利用技改项目环境影响评价公众参与第一次公示
Article.asp?id=31&classid=6&articleid=98272,徐州双城食品有限公司年产200吨水果罐头建设项目已批准公示
Article.asp?id=31&classid=6&articleid=98433,徐州盖氏现代农业有限公司改扩建果蔬加工仓储项目受理并拟批准公示
Article.asp?id=31&classid=6&articleid=97953,县环保局夜查常态化 对环境违法企业保持高压严打
Article.asp?id=31&classid=6&articleid=97822,县环保局开展环境监察移动执法系统培训
Article.asp?id=31&classid=6&articleid=98088,年产200吨水果罐头生产线搬迁项目受理并拟批准公示
Article.asp?id=31&classid=6&articleid=98271,丰县黄锦飞诊所建设项目已批准公示
Article.asp?id=31&classid=6&articleid=98270,丰县奚玉品诊所建设项目已批准公示
Article.asp?id=31&classid=6&articleid=97717,我县对涉水、涉气重点排污企业负责人进行集中约谈 
Article.asp?id=31&classid=6&articleid=98269,丰县永远口腔门诊部建设项目已批准公示
Article.asp?id=31&classid=6&articleid=97796,丰县黄锦飞诊所建设项目受理并拟批准公示
Article.asp?id=31&classid=6&articleid=97795,丰县奚玉品诊所建设项目受理并拟批准公示
Article.asp?id=31&classid=6&articleid=97476,县环保局召开铸造行业整治工作推进会
Article.asp?id=31&classid=6&articleid=98267, 丰县刘道珍诊所建设项目已批准公示
Article.asp?id=31&classid=6&articleid=97793,丰县永远口腔门诊部建设项目受理并拟批准公示
Article.asp?id=31&classid=6&articleid=97274,县环保局举办第二届“让绿色充满世界”植树节公益活动
Article.asp?id=31&classid=6&articleid=97270,“互联网+行政审批服务” 环保审批全程网办
Article.asp?id=31&classid=6&articleid=97236,我县召开电动车行业环保专项整治工作会议
Article.asp?id=31&classid=6&articleid=98265,江苏双正机械有限公司年产35000套回转支承项目已批准公示
Article.asp?id=31&classid=6&articleid=97162,市政府督查组来丰督查“263”专项行动进展情况
Article.asp?id=31&classid=6&articleid=98264,江苏顺风网络科技有限公司“百世云仓”丰县智能仓储物流中心项目已批准公示
Article.asp?id=31&classid=6&articleid=98263,江苏永上新材料有限公司年产7万吨功能性有色金属新材料项目已批准公示
Article.asp?id=31&classid=6&articleid=98262,丰县耀辉新能源有限公司40MW农光互补光伏电站项目已批准公示
Article.asp?id=31&classid=6&articleid=97106,县环保局收听收看2017年度全省环保系统党风廉政建设工作视频会议
Article.asp?id=31&classid=6&articleid=98261,丰县润华机动车检测有限公司师寨检测站建设项目已批准公示
Article.asp?id=31&classid=6&articleid=98259,江苏省瑞丰盐业有限公司新建仓库、包装车间项目已批准公示
Article.asp?id=31&classid=6&articleid=97792,丰县刘道珍诊所建设项目受理并拟批准公示
Article.asp?id=31&classid=6&articleid=98258,丰县港华燃气有限公司CND释放站增加LNG应急设施建设项目已批准公示
Article.asp?id=31&classid=6&articleid=98257,丰县保障性住房建设有限公司尚华学府小区项目已批准公示
Article.asp?id=31&classid=6&articleid=98256,徐州东岳金属制品有限公司年产350万张水泥纤维板压力板生产线项目已批准公示
Article.asp?id=31&classid=6&articleid=98255,徐州东蒙新型材料科技有限公司年产30万M³蒸压加气混凝土板材项目已批准公示
Article.asp?id=31&classid=6&articleid=97791,江苏双正机械有限公司年产35000套回转支承项目受理并拟批准公示
Article.asp?id=31&classid=6&articleid=97024,县环保局认真贯彻落实丰县第十五届纪委第二次全体会议精神
Article.asp?id=31&classid=6&articleid=96991,环保局行服务项目建设 行政审批事项再“瘦身”
Article.asp?id=31&classid=6&articleid=97790,江苏顺风网络科技有限公司“百世云仓”丰县智能仓储物流中心 项目受理并拟批准公示
Article.asp?id=31&classid=6&articleid=97789,江苏永上新材料有限公司年产7万吨功能性有色金属新材料项目受理并拟批准公示
Article.asp?id=31&classid=6&articleid=98254,丰县张良孝诊所建设项目已批准公示
Article.asp?id=31&classid=6&articleid=97788,丰县耀辉新能源有限公司40MW农光互补光伏电站受理并拟批准公示
Article.asp?id=31&classid=6&articleid=96897,我县取缔无环评审批手续酸洗、碱洗工段
Article.asp?id=31&classid=6&articleid=97787,丰县润华机动车检测有限公司师寨检测站建设受理并拟批准公示
Article.asp?id=31&classid=6&articleid=97786,江苏省瑞丰盐业有限公司新建仓库、包装车间项目受理并拟批准公示
Article.asp?id=31&classid=6&articleid=97784,丰县保障性住房建设有限公司尚华学府小区项目受理并拟批准公示
Article.asp?id=31&classid=6&articleid=97783,年产350万张水泥纤维压板生产线项目受理并拟批准公示
Article.asp?id=31&classid=6&articleid=97759,年产30万m³蒸压加气混凝土板材受理并拟批准的建设项目环境影响评价文件的公示
Article.asp?id=31&classid=6&articleid=96852,环保局除雪破冰 保障市民出行安全
Article.asp?id=31&classid=6&articleid=96817,我县“两减六治三提升”专项行动领导小组办公室正式挂牌运行
Article.asp?id=31&classid=6&articleid=96789,今年起我省一律不批新的化工园区
Article.asp?id=31&classid=6&articleid=96748,环境执法与刑事司法衔接办法出台 案件不移送检察院可查询
Article.asp?id=31&classid=6&articleid=97758,丰县张良孝诊所项目受理并拟批准的建设项目环境影响评价文件的公示
Article.asp?id=31&classid=6&articleid=96701,我县召开“263”专项行动交办会
Article.asp?id=31&classid=6&articleid=96625,CNG释放站增加LNG应急设施项目受理并拟批准公示
Article.asp?id=31&classid=6&articleid=96482,县环保局开展“环保大讲堂”学习教育活动
Article.asp?id=31&classid=6&articleid=96292,我县完成土壤污染重点行业企业空间位置遥感核实工作
Article.asp?id=31&classid=6&articleid=98110,徐州市向丰县和沛县输送原水工程丰县段项目已批准公示
Article.asp?id=31&classid=6&articleid=96213,县环境监测站赴江苏新测环境监测有限公司开展学习交流
Article.asp?id=31&classid=6&articleid=96177,我县吹响“263”专项行动集结号
Article.asp?id=31&classid=6&articleid=96664,关于徐州市向丰县和沛县输送原水工程项目丰县段项目拟批准的公示
Article.asp?id=31&classid=6&articleid=96087,市政府考核组来丰考核秸秆禁烧与综合利用工作
Article.asp?id=31&classid=6&articleid=96063,丰县环境保护局电子产品询价文件
Article.asp?id=31&classid=6&articleid=96057,娄海调研“两减六治三提升”专项行动
Article.asp?id=31&classid=6&articleid=95989,我县铸造行业整治提升工作座谈会召开
Article.asp?id=31&classid=6&articleid=95949,我县省生态红线区域监督管理获全市第一名
Article.asp?id=31&classid=6&articleid=95914,李吉宁带队夜查环境违法企业
Article.asp?id=31&classid=6&articleid=95684,我县环境监测站顺利完成持证上岗操作考核
Article.asp?id=31&classid=6&articleid=95675, 我县全面启动土壤污染状况调查工作
Article.asp?id=31&classid=6&articleid=95636,我县加强冬季突发天气环保监控预警
Article.asp?id=31&classid=6&articleid=95628,县环保局组织开展县人大代表换届选举工作
Article.asp?id=31&classid=6&articleid=95562,县环保局对违法违规钢铁产能进行全面排查
Article.asp?id=31&classid=6&articleid=95493,市环委办印发年度县（市）、区环保工作目标考核办法
Article.asp?id=31&classid=6&articleid=95481,省委省政府召开全省“两减六治三提升”专项行动动员会
Article.asp?id=31&classid=6&articleid=95376,我县环境保护“十三五”规划通过专家评审
Article.asp?id=31&classid=6&articleid=95298,我县签订首个排污权交易合同
Article.asp?id=31&classid=6&articleid=95244,县环保局举办依法行政专题讲座
Article.asp?id=31&classid=6&articleid=95207,县环保局组织党员干部认真学习贯彻党的十八届六中全会精神
Article.asp?id=31&classid=6&articleid=95171,我县挥发性有机物（VOCs）排污费征收试点工作启动
Article.asp?id=31&classid=6&articleid=95084,副县长李吉宁带队突击检查喷漆企业
Article.asp?id=31&classid=6&articleid=94832,  我县3家企业通过徐州市清洁生产审核中期评估
Article.asp?id=31&classid=6&articleid=94796,县环保局对环境影响登记表项目实施备案管理
Article.asp?id=31&classid=6&articleid=94760,环保“12369”并入政府“12345”热线
Article.asp?id=31&classid=6&articleid=94725,12369环保举报热线并网公告
Article.asp?id=31&classid=6&articleid=94761,丰县环境保护局关于清理整治环保违法违规建设项目的通告
Article.asp?id=31&classid=6&articleid=94641,我县10余家企业参加2016省环交会
Article.asp?id=31&classid=6&articleid=94507,学习立权书记，做合格共产党员―县环保局党支部召开“两学一做”学习教育专题讨论会
Article.asp?id=31&classid=6&articleid=94372,县环保局深入开展2016年度环境污染责任保险工作
Article.asp?id=31&classid=6&articleid=94240,省住建厅对我县城镇污水处理厂进行现场运行管理考核
Article.asp?id=31&classid=6&articleid=94079,市环保局督查组来丰督查环境执法监管工作
Article.asp?id=31&classid=6&articleid=94066,市秸秆禁烧督察组来丰检查指导秋季秸秆禁烧与综合利用工作
Article.asp?id=31&classid=6&articleid=94052,县环保局多举措夯实大气污染防治工作
Article.asp?id=31&classid=6&articleid=94007,我县召开覆盖拉网式农村环境综合整治工作推进会
Article.asp?id=31&classid=6&articleid=93823,我县召开秸秆禁烧工作推进会
Article.asp?id=31&classid=6&articleid=93791,我县开启“双随机”环境执法模式
Article.asp?id=31&classid=6&articleid=93790,县环境监测站验收企业水污染源在线监测仪器
Article.asp?id=31&classid=6&articleid=93669,县领导李吉宁现场检查指导秸秆禁烧工作
Article.asp?id=31&classid=6&articleid=93364,县领导李吉宁调研指导环保工作
Article.asp?id=31&classid=6&articleid=93254,我县开展依法取缔“十小”企业专项整治行动
Article.asp?id=31&classid=6&articleid=93135,我县开展环境执法大练兵活动
Article.asp?id=31&classid=6&articleid=93064,县环保局开展中秋国庆期间廉政警示教育
Article.asp?id=31&classid=6&articleid=93019,市环保局对我县开展排污费稽查工作
Article.asp?id=31&classid=6&articleid=92899,县环保局组织参观“汉源清风”廉政主题书画展活动
Article.asp?id=31&classid=6&articleid=92720,县环保局开展“两学一做”知识竞赛活动
Article.asp?id=31&classid=6&articleid=92674,县环保局强制取缔7家塑料颗粒非法加工点
Article.asp?id=31&classid=6&articleid=92586,省环保厅领导来丰调研湖西片区对口扶贫及覆盖拉网式农村环境综合整治工作
Article.asp?id=31&classid=6&articleid=92549,新修改《环境影响评价法》将于9月1日施行
Article.asp?id=31&classid=6&articleid=92445,丰县划定畜禽养殖禁养区和限养区
Article.asp?id=31&classid=6&articleid=92251,市环保局督察我县环保违法违规建设项目清理整治工作
Article.asp?id=31&classid=6&articleid=91863,我县在全市环境教育教案评选活动中获得佳绩
Article.asp?id=31&classid=6&articleid=91689,丰县公布2015年度企业环境信用评价结果  14家企业黑色
Article.asp?id=31&classid=6&articleid=91616,县环保局多举措确保汛期环境安全
Article.asp?id=31&classid=6&articleid=91601,高世联局长带队督查环保重点企业
Article.asp?id=31&classid=6&articleid=91599,我县组织收听收看中央环境保护督察江苏工作动员电视电话会
Article.asp?id=31&classid=6&articleid=91502,我县开展集中式饮用水水源地环境保护执法专项行动
Article.asp?id=31&classid=6&articleid=91451,县环保局走进“政风行风热线”直播间
Article.asp?id=31&classid=6&articleid=91404,新《环境影响评价法》2016年9月1日正式实施 
Article.asp?id=31&classid=6&articleid=91403,宋楼镇摧毁木炭窑 降低PH2.5浓度
Article.asp?id=31&classid=6&articleid=91361,我县开展重点行业环保专项执法检查
Article.asp?id=31&classid=6&articleid=91189,我县开展废铅酸蓄电池行业专项整治行动
Article.asp?id=31&classid=6&articleid=90877,县环保局开展“新时期共产党员思想行为规范”专题讨论会
Article.asp?id=31&classid=6&articleid=90814,丰县集中开展环保专项治理行动
Article.asp?id=31&classid=6&articleid=90585,王克华要求坚决实施酸洗磷化整治行动 实现经济建设与环境保护协调发展 
Article.asp?id=31&classid=6&articleid=90574,县环保局组织观看泰兴市环保局先进事迹报告会
Article.asp?id=31&classid=6&articleid=90537,县环保局多举措开展环保领域突出问题专项治理 
Article.asp?id=31&classid=6&articleid=90532,县环保局赴王沟镇助“三夏”精准扶贫
Article.asp?id=31&classid=6&articleid=90427,县环保局全面开展夏季秸秆禁烧督查工作
Article.asp?id=31&classid=6&articleid=90191, 全县生态文明建设大会要求：加强环境保护和生态建设 开创“美丽丰县”建设新局面
Article.asp?id=31&classid=6&articleid=90186,我县举行“6•5”世界环境日暨环境教育宣传周启动仪式
Article.asp?id=31&classid=6&articleid=90096,县环保局召开“两学一做”学习教育工作部署会
Article.asp?id=31&classid=6&articleid=89963,县环保局开展“绿色护考”行动
Article.asp?id=31&classid=6&articleid=89889,丰县数字环保暨移动执法系统通过验收
Article.asp?id=31&classid=6&articleid=89727,县环保局提早部署“世界环境日”系列宣传活动
Article.asp?id=31&classid=6&articleid=89344,我县召开2016年度危险废物规范化管理培训会
Article.asp?id=31&classid=6&articleid=89272,我县对381家规模以上企业进行确权登记 
Article.asp?id=31&classid=6&articleid=89221,我县积极开展2016年农村环境质量监测工作
Article.asp?id=31&classid=6&articleid=89166,我县召开环境保护违法违规建设项目清理整治工作会议
Article.asp?id=31&classid=6&articleid=89108,我县强化废酸管理 保障区域环境安全
Article.asp?id=31&classid=6&articleid=89020,省环保厅来丰督查企业危险废物规范化管理工作
Article.asp?id=31&classid=6&articleid=88886,我县实施小木炭窑强制整治措施
Article.asp?id=31&classid=6&articleid=88863,我县取缔塑料颗粒加工企业工作取得阶段性成果
Article.asp?id=31&classid=6&articleid=88768,丰县环保局倡议绿色清明 文明祭祖
Article.asp?id=31&classid=6&articleid=88637,丰县启动重点区域土壤环境质量监测风险点位增设工作
Article.asp?id=31&classid=6&articleid=88558,我县全面实施网格化环境监管体系
Article.asp?id=31&classid=6&articleid=88332,丰县少年诸葛脑潜能开发中心与环保局共同主办环保公益活动
Article.asp?id=31&classid=6&articleid=88235,省环保厅领导来丰检查企业在线监控平台建设工作
Article.asp?id=31&classid=6&articleid=88232,县环保局开展全县危废规范化管理专项检查工作
Article.asp?id=31&classid=6&articleid=88182,我县召开环保、公安、检察协作执法联席会
Article.asp?id=31&classid=6&articleid=88118,环保局多举措保障“两会”期间环境信访稳定
Article.asp?id=31&classid=6&articleid=88041,我局参加2016年度全省环保系统党风廉政建设工作视频会议
Article.asp?id=31&classid=6&articleid=87985,县环保局召开落实党风廉政建设责任制汇报会
Article.asp?id=31&classid=6&articleid=87833,县环保局组织“廉洁自律准则、处分条列”学习会
Article.asp?id=31&classid=6&articleid=87768,县环保局召开企业在线监控及“三同时”验收调度会
Article.asp?id=31&classid=6&articleid=87744,环保局节后“收心”聚精会神忙“充电”
Article.asp?id=31&classid=6&articleid=87697,县环保局多措并举确保节日期间环境安全
Article.asp?id=31&classid=6&articleid=87669,监察大队、监测站、法制股举行2015年工作总结暨2016年春节茶话会
Article.asp?id=31&classid=6&articleid=87668,县环保局党组召开“三严三实”专题民主生活会
Article.asp?id=31&classid=6&articleid=87598,丰县六部门联合执法确保成品油市场安全环保
Article.asp?id=31&classid=6&articleid=87572,县环保局开展地下水污染专项检查行动
Article.asp?id=31&classid=6&articleid=87428,我县实行排污费征收新政策
Article.asp?id=31&classid=6&articleid=87353,县环保局开展贯彻新《大气污染防治法》集中执法检查
Article.asp?id=31&classid=6&articleid=87084,丰县生态红线考核获全市第一
Article.asp?id=31&classid=6&articleid=86967,县环保局组织学习新《大气污染防治法》
Article.asp?id=31&classid=6&articleid=86875,县环保局积极开展行政处罚案件集体审议工作
Article.asp?id=31&classid=6&articleid=86733,县环保局积极落实挂点村帮扶工作
Article.asp?id=31&classid=6&articleid=86648,县环保局举办预防职务犯罪专题讲座
Article.asp?id=31&classid=6&articleid=86598,县环保局“四个加强”改善大气环境质量
Article.asp?id=31&classid=6&articleid=86483,丰县取消小餐饮工商登记环评前置审批
Article.asp?id=31&classid=6&articleid=86427,县环保局积极开展国家宪法日暨全国法制宣传日活动
Article.asp?id=31&classid=6&articleid=86355,县环保局积极推进环境污染责任保险工作
Article.asp?id=31&classid=6&articleid=86326,江苏大幅提高排污费征收标准
Article.asp?id=31&classid=6&articleid=86271,环保局除雪破冰 保障市民出行安全
Article.asp?id=31&classid=6&articleid=86211,丰县使用环境信用等级评定倒逼企业环保自觉
Article.asp?id=31&classid=6&articleid=86137,县环保局开展“千家评机关”活动
Article.asp?id=31&classid=6&articleid=86101,丰县建设数字环保暨移动执法系统工程
Article.asp?id=31&classid=6&articleid=86063,丰县召开主要污染物排污权核定和排污许可证管理工作会议
Article.asp?id=31&classid=6&articleid=85959,市绿色学校评估组来我县进行验收、复查
Article.asp?id=31&classid=6&articleid=85814,我县荣获“江苏省省级生态县”称号
Article.asp?id=31&classid=6&articleid=85660,县环保局夜间突查重污染企业 
Article.asp?id=31&classid=6&articleid=85534,县环保局开展“村村到、户户访”调研走访活动
Article.asp?id=31&classid=6&articleid=85314,县环保局和邮政局联合开展“环保邮路万里行”活动
Article.asp?id=31&classid=6&articleid=85256,丰县多举措推动秋季秸秆禁烧工作向纵深开展
Article.asp?id=31&classid=6&articleid=85240,环保局班子成员深入县电动车科技产业园进行调研
Article.asp?id=31&classid=6&articleid=85035,环保局及早部署秋季秸秆禁烧工作
Article.asp?id=31&classid=6&articleid=84981,省级绿色学校验收组来我县考核验收
Article.asp?id=31&classid=6&articleid=84937,县环保局多举措筑牢节日环境安全防线
Article.asp?id=31&classid=6&articleid=84717,市政府督查组来丰督查大气污染防治工作
Article.asp?id=31&classid=6&articleid=84640,县环保局和教育局联合举办环保征文比赛评选结果揭晓
Article.asp?id=31&classid=6&articleid=84552,市畜禽养殖污染减排项目督导组来丰检查指导工作
Article.asp?id=31&classid=6&articleid=84519,江苏将征收挥发性有机物排污费 汽车露天喷涂要被罚款
Article.asp?id=31&classid=6&articleid=84229,县环保局强化废盐酸转移管理
Article.asp?id=31&classid=6&articleid=84223,丰县大气污染防治重点工程进展顺利
Article.asp?id=31&classid=6&articleid=84181,丰县环保局深化改革提高办事效率
Article.asp?id=31&classid=6&articleid=84180,丰县农村环境综合整治项目村级污水处理工程进展顺利
Article.asp?id=31&classid=6&articleid=84174,县环保局参加“加强政治意识 大局观念和责任意识主题”宣讲报告会
Article.asp?id=31&classid=6&articleid=84150,县环保局积极开展环境安全大检查
Article.asp?id=31&classid=6&articleid=83953,县环保局、安监局、消防大队对重点企业进行联合执法检查
Article.asp?id=31&classid=6&articleid=83893,市环监局领导来丰检查国控企业污染源自动在线监控设施运行情况
Article.asp?id=31&classid=6&articleid=83829,县环保局开展廉政谈话 努力推进党风廉政建设工作
Article.asp?id=31&classid=6&articleid=83767,县环保局开展危化品企业排查整治专项行动
Article.asp?id=31&classid=6&articleid=83481,城管、环保联合执法整治露天烧烤
Article.asp?id=31&classid=6&articleid=83246,白衣河环境综合整治消除“黑臭”
Article.asp?id=31&classid=6&articleid=83199,环保局召开危险废物规范化管理工作会议
Article.asp?id=31&classid=6&articleid=83188,县环保局召开锅炉及挥发性有机物（VOCs）整治工作布置会
Article.asp?id=31&classid=6&articleid=83006,环保局集中收看丰县党员干部“守纪律、讲规矩，践行三严三实”主题教育会
Article.asp?id=31&classid=6&articleid=82918, 丰县环境监测站公开招聘6名编外人员
Article.asp?id=31&classid=6&articleid=82556,县环保局走进政风行风热线直播室  接受群众咨询投诉
Article.asp?id=31&classid=6&articleid=82417,县环保局举行“三严三实”专题党课暨廉政教育会迎七一
Article.asp?id=31&classid=6&articleid=82362,环保局组织干部职工到县看守所开展警示教育活动
Article.asp?id=31&classid=6&articleid=82198,县环保局全面开展夏季秸秆禁烧督查工作
Article.asp?id=31&classid=6&articleid=81737,县环保局参加全省环保系统警示教育视频会议
Article.asp?id=31&classid=6&articleid=81678,县环保局举行纪念“六•五”世界环境日文艺汇演
Article.asp?id=31&classid=6&articleid=81493,丰县人民检察院举办“生态丰县 绿色检察 ”启动仪式
Article.asp?id=31&classid=6&articleid=81259,丰县环保开通政务微信公众平台
Article.asp?id=31&classid=6&articleid=81185,市环保局领导来丰检查危废处置企业建设工作
Article.asp?id=31&classid=6&articleid=81161,丰县启动2015年度“六•五世界环境日”宣传计划
Article.asp?id=31&classid=6&articleid=81112,丰县通过省级生态县创建考核验收
Article.asp?id=31&classid=6&articleid=80944,环保局到企业进行环保大检查
Article.asp?id=31&classid=6&articleid=80849,市环保局局长纪杰深入基层带案下访
Article.asp?id=31&classid=6&articleid=80761,环保局主动深入园区对接 立足一线服务发展 
Article.asp?id=31&classid=6&articleid=80630,丰县开出新环保法实施以来首个“查封令”
Article.asp?id=31&classid=6&articleid=80504,县环保局推行“领导轮流坐班制”服务群众零距离
Article.asp?id=31&classid=6&articleid=79959,丰县环境监管全面实行网格化管理
Article.asp?id=31&classid=6&articleid=79862,县环保局全面部署环保大检查工作
Article.asp?id=31&classid=6&articleid=79834,环保局夜查工作常态化
Article.asp?id=31&classid=6&articleid=79717,环保局签订党风廉政建设责任书
Article.asp?id=31&classid=6&articleid=79405,县环保局开展“我的人生座右铭”征集活动
Article.asp?id=31&classid=6&articleid=79216,县环保局开展春节帮扶送温暖活动
Article.asp?id=31&classid=6&articleid=79158,县环保局组织执法业务培训 铸造高素质执法队伍
Article.asp?id=31&classid=6&articleid=78586,环保局组织“看发展、观生态、找差距、理思路、振精神、争一流”观摩教育活动
Article.asp?id=31&classid=6&articleid=77460,我县举办新《环保法》知识电视大赛
