18_1568040508.978,如何一个月过英语四级?,346,8807,刘洪波,英语

20_1568040508.290,肚子上面的肉怎么减?,186,11539,健身老王,小肚子
21_1568040508.746,如何评价动画电影《哪吒之魔童降世》？,9011,23966,曹振,电影
22_1568040508.181,如何轻松阅读 GitHub 上的项目源码 ?,32,7060,牛岱,程序员
23_1568040508.15,你有什么道理后悔没有早点知道？,21451,539790,黛西巫巫,生活
整租·风华南苑 1室1厅 南/北,https://image1.ljcdn.com/320300-inspection/5401b1d4-4c2b-4178-98d8-36c52a54ac15.jpg.250x182.jpg,"
",泉,山,区,-,翟,山,-,风,华,南,苑,"
",/,"
", , , , , , , , ,3,0,㎡,"
", , , , , , , , ,/,南, ,北, , , , , , , , ,/,"
", , , , , , , , , , ,1,室,1,厅,1,卫, , , , , , , , ,"
",/,"
", , , , , , , , , , ,高,楼,层, , , , , , , , , , , , , , , , , , , , , , , , ,（,6,层,）,"
", , , , , , , , , , , , , , , , , , ,"
",新上,500 元/月
独栋·贝客公寓 创智科技园店 C户型 1室1厅,https://image1.ljcdn.com/rent-house-1/575a9d484b522a89099abeb84a0b5364-1565691523606/3e721d39cb0937f3b040975bab5ddcb7.jpg.250x182.jpg,"
",泉,山,区,-,翟,山,-,风,华,南,苑,"
",/,"
", , , , , , , , ,3,0,㎡,"
", , , , , , , , ,/,南, ,北, , , , , , , , ,/,"
", , , , , , , , , , ,1,室,1,厅,1,卫, , , , , , , , ,"
",/,"
", , , , , , , , , , ,高,楼,层, , , , , , , , , , , , , , , , , , , , , , , , ,（,6,层,）,"
", , , , , , , , , , , , , , , , , , ,"
",Not available,1950-2000 元/月
整租·文苑小区 1室0厅 南,https://image1.ljcdn.com/320300-inspection/a1dd9373-c153-4add-b14d-3197d0c4170f.jpg.250x182.jpg,"
",泉,山,区,-,翟,山,-,风,华,南,苑,"
",/,"
", , , , , , , , ,3,0,㎡,"
", , , , , , , , ,/,南, ,北, , , , , , , , ,/,"
", , , , , , , , , , ,1,室,1,厅,1,卫, , , , , , , , ,"
",/,"
", , , , , , , , , , ,高,楼,层, , , , , , , , , , , , , , , , , , , , , , , , ,（,6,层,）,"
", , , , , , , , , , , , , , , , , , ,"
",新上,450 元/月
独栋·泊寓 新里程社区 A户型 开间,https://image1.ljcdn.com/rent-user-avatar/4d5e0bd9-3731-4911-8871-0da597e6e892.250x182.jpg,"
",泉,山,区,-,翟,山,-,风,华,南,苑,"
",/,"
", , , , , , , , ,3,0,㎡,"
", , , , , , , , ,/,南, ,北, , , , , , , , ,/,"
", , , , , , , , , , ,1,室,1,厅,1,卫, , , , , , , , ,"
",/,"
", , , , , , , , , , ,高,楼,层, , , , , , , , , , , , , , , , , , , , , , , , ,（,6,层,）,"
", , , , , , , , , , , , , , , , , , ,"
",Not available,1500-1630 元/月
整租·民强园小区 2室1厅 南,https://image1.ljcdn.com/320300-inspection/4096ed62-349d-4238-8617-ffb46e6305e0.jpg.250x182.jpg,"
",泉,山,区,-,翟,山,-,风,华,南,苑,"
",/,"
", , , , , , , , ,3,0,㎡,"
", , , , , , , , ,/,南, ,北, , , , , , , , ,/,"
", , , , , , , , , , ,1,室,1,厅,1,卫, , , , , , , , ,"
",/,"
", , , , , , , , , , ,高,楼,层, , , , , , , , , , , , , , , , , , , , , , , , ,（,6,层,）,"
", , , , , , , , , , , , , , , , , , ,"
",新上,1100 元/月
独栋·贝客公寓 创智科技园店 B户型 1室1厅,https://image1.ljcdn.com/rent-house-1/575a9d484b522a89099abeb84a0b5364-1565691523264/4ed57e7f18934b7155c1d295d2c787c3.jpg.250x182.jpg,"
",泉,山,区,-,翟,山,-,风,华,南,苑,"
",/,"
", , , , , , , , ,3,0,㎡,"
", , , , , , , , ,/,南, ,北, , , , , , , , ,/,"
", , , , , , , , , , ,1,室,1,厅,1,卫, , , , , , , , ,"
",/,"
", , , , , , , , , , ,高,楼,层, , , , , , , , , , , , , , , , , , , , , , , , ,（,6,层,）,"
", , , , , , , , , , , , , , , , , , ,"
",Not available,1700 元/月
整租·余窑新村 1室1厅 南,https://image1.ljcdn.com/320300-inspection/4a049b5e-70f0-4ff9-8df6-c79c186df6c6.jpg.250x182.jpg,"
",泉,山,区,-,翟,山,-,风,华,南,苑,"
",/,"
", , , , , , , , ,3,0,㎡,"
", , , , , , , , ,/,南, ,北, , , , , , , , ,/,"
", , , , , , , , , , ,1,室,1,厅,1,卫, , , , , , , , ,"
",/,"
", , , , , , , , , , ,高,楼,层, , , , , , , , , , , , , , , , , , , , , , , , ,（,6,层,）,"
", , , , , , , , , , , , , , , , , , ,"
",新上,700 元/月
整租·段庄新村 2室1厅 南,https://image1.ljcdn.com/320300-inspection/f213023b-2a4b-4aa8-8c3a-cf4488f1a4ce.jpg.250x182.jpg,"
",泉,山,区,-,翟,山,-,风,华,南,苑,"
",/,"
", , , , , , , , ,3,0,㎡,"
", , , , , , , , ,/,南, ,北, , , , , , , , ,/,"
", , , , , , , , , , ,1,室,1,厅,1,卫, , , , , , , , ,"
",/,"
", , , , , , , , , , ,高,楼,层, , , , , , , , , , , , , , , , , , , , , , , , ,（,6,层,）,"
", , , , , , , , , , , , , , , , , , ,"
",新上,1000 元/月
整租·荣盛香榭兰庭 3室2厅 南/北,https://image1.ljcdn.com/320300-inspection/acf8c6fa-9eaf-4465-a228-336b1689d16a.jpg.250x182.jpg,"
",泉,山,区,-,翟,山,-,风,华,南,苑,"
",/,"
", , , , , , , , ,3,0,㎡,"
", , , , , , , , ,/,南, ,北, , , , , , , , ,/,"
", , , , , , , , , , ,1,室,1,厅,1,卫, , , , , , , , ,"
",/,"
", , , , , , , , , , ,高,楼,层, , , , , , , , , , , , , , , , , , , , , , , , ,（,6,层,）,"
", , , , , , , , , , , , , , , , , , ,"
",新上,800 元/月
合租·荣盛香榭兰庭 1居室 南卧,https://image1.ljcdn.com/320300-inspection/261d0e00-cd0f-4bc1-9bc4-74f0c5b2e9ea.jpg.250x182.jpg,"
",泉,山,区,-,翟,山,-,风,华,南,苑,"
",/,"
", , , , , , , , ,3,0,㎡,"
", , , , , , , , ,/,南, ,北, , , , , , , , ,/,"
", , , , , , , , , , ,1,室,1,厅,1,卫, , , , , , , , ,"
",/,"
", , , , , , , , , , ,高,楼,层, , , , , , , , , , , , , , , , , , , , , , , , ,（,6,层,）,"
", , , , , , , , , , , , , , , , , , ,"
",新上,1000 元/月
整租·苏堤北村 3室1厅 南,https://image1.ljcdn.com/320300-inspection/4ba8d1cb-ce68-4d27-a4f3-7efb0a9e521c.jpg.250x182.jpg,"
",泉,山,区,-,翟,山,-,风,华,南,苑,"
",/,"
", , , , , , , , ,3,0,㎡,"
", , , , , , , , ,/,南, ,北, , , , , , , , ,/,"
", , , , , , , , , , ,1,室,1,厅,1,卫, , , , , , , , ,"
",/,"
", , , , , , , , , , ,高,楼,层, , , , , , , , , , , , , , , , , , , , , , , , ,（,6,层,）,"
", , , , , , , , , , , , , , , , , , ,"
",新上,1000 元/月
独栋·贝客公寓 创智科技园店 A户型 1室1厅,https://image1.ljcdn.com/rent-house-1/575a9d484b522a89099abeb84a0b5364-1565689143233/bd13364dee54b53bba7eca161be0b27f.jpg.250x182.jpg,"
",泉,山,区,-,翟,山,-,风,华,南,苑,"
",/,"
", , , , , , , , ,3,0,㎡,"
", , , , , , , , ,/,南, ,北, , , , , , , , ,/,"
", , , , , , , , , , ,1,室,1,厅,1,卫, , , , , , , , ,"
",/,"
", , , , , , , , , , ,高,楼,层, , , , , , , , , , , , , , , , , , , , , , , , ,（,6,层,）,"
", , , , , , , , , , , , , , , , , , ,"
",Not available,1800-1850 元/月
整租·民富园小区(云龙区) 1室1厅 南,https://image1.ljcdn.com/320300-inspection/32c84517-01a1-451e-a50e-1c58ac89f51f.JPG.250x182.jpg,"
",泉,山,区,-,翟,山,-,风,华,南,苑,"
",/,"
", , , , , , , , ,3,0,㎡,"
", , , , , , , , ,/,南, ,北, , , , , , , , ,/,"
", , , , , , , , , , ,1,室,1,厅,1,卫, , , , , , , , ,"
",/,"
", , , , , , , , , , ,高,楼,层, , , , , , , , , , , , , , , , , , , , , , , , ,（,6,层,）,"
", , , , , , , , , , , , , , , , , , ,"
",新上,650 元/月
独栋·泊寓 新里程社区 C户型 开间,https://image1.ljcdn.com/rent-user-avatar/5c414686-79ef-46aa-a559-de1c4a19a657.250x182.jpg,"
",泉,山,区,-,翟,山,-,风,华,南,苑,"
",/,"
", , , , , , , , ,3,0,㎡,"
", , , , , , , , ,/,南, ,北, , , , , , , , ,/,"
", , , , , , , , , , ,1,室,1,厅,1,卫, , , , , , , , ,"
",/,"
", , , , , , , , , , ,高,楼,层, , , , , , , , , , , , , , , , , , , , , , , , ,（,6,层,）,"
", , , , , , , , , , , , , , , , , , ,"
",Not available,1559-1747 元/月
整租·泉盛美家 3室2厅 南,https://image1.ljcdn.com/320300-inspection/f803eb8d-a510-4dfc-8e3e-2a91ca05be1d.jpg.250x182.jpg,"
",泉,山,区,-,翟,山,-,风,华,南,苑,"
",/,"
", , , , , , , , ,3,0,㎡,"
", , , , , , , , ,/,南, ,北, , , , , , , , ,/,"
", , , , , , , , , , ,1,室,1,厅,1,卫, , , , , , , , ,"
",/,"
", , , , , , , , , , ,高,楼,层, , , , , , , , , , , , , , , , , , , , , , , , ,（,6,层,）,"
", , , , , , , , , , , , , , , , , , ,"
",新上,1000 元/月
整租·绿苑花园 1室1厅 南,https://image1.ljcdn.com/320300-inspection/ac69990f-6c4e-40dc-b8d2-b8e4e360314d.jpg.250x182.jpg,"
",泉,山,区,-,翟,山,-,风,华,南,苑,"
",/,"
", , , , , , , , ,3,0,㎡,"
", , , , , , , , ,/,南, ,北, , , , , , , , ,/,"
", , , , , , , , , , ,1,室,1,厅,1,卫, , , , , , , , ,"
",/,"
", , , , , , , , , , ,高,楼,层, , , , , , , , , , , , , , , , , , , , , , , , ,（,6,层,）,"
", , , , , , , , , , , , , , , , , , ,"
",新上,800 元/月
整租·和平壹号三期 3室1厅 南,https://image1.ljcdn.com/320300-inspection/1f354457-2b59-43c4-b6e1-ee18b59e3271.jpg.250x182.jpg,"
",泉,山,区,-,翟,山,-,风,华,南,苑,"
",/,"
", , , , , , , , ,3,0,㎡,"
", , , , , , , , ,/,南, ,北, , , , , , , , ,/,"
", , , , , , , , , , ,1,室,1,厅,1,卫, , , , , , , , ,"
",/,"
", , , , , , , , , , ,高,楼,层, , , , , , , , , , , , , , , , , , , , , , , , ,（,6,层,）,"
", , , , , , , , , , , , , , , , , , ,"
",新上,1000 元/月
整租·刘场小区 1室1厅 南,https://image1.ljcdn.com/320300-inspection/ff7816fe-a4fd-4e05-a2e0-4b3ddf090299.jpg.250x182.jpg,"
",泉,山,区,-,翟,山,-,风,华,南,苑,"
",/,"
", , , , , , , , ,3,0,㎡,"
", , , , , , , , ,/,南, ,北, , , , , , , , ,/,"
", , , , , , , , , , ,1,室,1,厅,1,卫, , , , , , , , ,"
",/,"
", , , , , , , , , , ,高,楼,层, , , , , , , , , , , , , , , , , , , , , , , , ,（,6,层,）,"
", , , , , , , , , , , , , , , , , , ,"
",新上,800 元/月
整租·碧水湾 2室1厅 南,https://image1.ljcdn.com/320300-inspection/98dd0c8f-fb70-4b94-8312-d66dbcf63c67.jpg.250x182.jpg,"
",泉,山,区,-,翟,山,-,风,华,南,苑,"
",/,"
", , , , , , , , ,3,0,㎡,"
", , , , , , , , ,/,南, ,北, , , , , , , , ,/,"
", , , , , , , , , , ,1,室,1,厅,1,卫, , , , , , , , ,"
",/,"
", , , , , , , , , , ,高,楼,层, , , , , , , , , , , , , , , , , , , , , , , , ,（,6,层,）,"
", , , , , , , , , , , , , , , , , , ,"
",新上,650 元/月
整租·九里峰景D区 1室0厅 南,https://image1.ljcdn.com/320300-inspection/7560d4b4-0674-4ba7-845c-258729ccd2a2.jpg.250x182.jpg,"
",泉,山,区,-,翟,山,-,风,华,南,苑,"
",/,"
", , , , , , , , ,3,0,㎡,"
", , , , , , , , ,/,南, ,北, , , , , , , , ,/,"
", , , , , , , , , , ,1,室,1,厅,1,卫, , , , , , , , ,"
",/,"
", , , , , , , , , , ,高,楼,层, , , , , , , , , , , , , , , , , , , , , , , , ,（,6,层,）,"
", , , , , , , , , , , , , , , , , , ,"
",新上,900 元/月
整租·城置克拉公寓 1室1厅 北,https://image1.ljcdn.com/320300-inspection/80f7753d-d256-45e2-8e79-2437e500b351.jpg.250x182.jpg,"
",泉,山,区,-,翟,山,-,风,华,南,苑,"
",/,"
", , , , , , , , ,3,0,㎡,"
", , , , , , , , ,/,南, ,北, , , , , , , , ,/,"
", , , , , , , , , , ,1,室,1,厅,1,卫, , , , , , , , ,"
",/,"
", , , , , , , , , , ,高,楼,层, , , , , , , , , , , , , , , , , , , , , , , , ,（,6,层,）,"
", , , , , , , , , , , , , , , , , , ,"
",新上,800 元/月
独栋·贝客公寓 创智科技园店 D户型 1室1厅,https://image1.ljcdn.com/rent-house-1/575a9d484b522a89099abeb84a0b5364-1565691523932/d66019e905f49b46c9662874caab505e.jpg.250x182.jpg,"
",泉,山,区,-,翟,山,-,风,华,南,苑,"
",/,"
", , , , , , , , ,3,0,㎡,"
", , , , , , , , ,/,南, ,北, , , , , , , , ,/,"
", , , , , , , , , , ,1,室,1,厅,1,卫, , , , , , , , ,"
",/,"
", , , , , , , , , , ,高,楼,层, , , , , , , , , , , , , , , , , , , , , , , , ,（,6,层,）,"
", , , , , , , , , , , , , , , , , , ,"
",Not available,1950-2000 元/月
整租·衡山路 3室2厅 南/北,https://image1.ljcdn.com/320300-inspection/de4cf380-10e4-42bd-9d8e-b87c9647fca9.jpg.250x182.jpg,"
",泉,山,区,-,翟,山,-,风,华,南,苑,"
",/,"
", , , , , , , , ,3,0,㎡,"
", , , , , , , , ,/,南, ,北, , , , , , , , ,/,"
", , , , , , , , , , ,1,室,1,厅,1,卫, , , , , , , , ,"
",/,"
", , , , , , , , , , ,高,楼,层, , , , , , , , , , , , , , , , , , , , , , , , ,（,6,层,）,"
", , , , , , , , , , , , , , , , , , ,"
",新上,1000 元/月
独栋·泊寓 新里程社区 B户型 开间,https://image1.ljcdn.com/rent-user-avatar/08d1d151-9526-4d36-8467-b1c27125ad4b.250x182.jpg,"
",泉,山,区,-,翟,山,-,风,华,南,苑,"
",/,"
", , , , , , , , ,3,0,㎡,"
", , , , , , , , ,/,南, ,北, , , , , , , , ,/,"
", , , , , , , , , , ,1,室,1,厅,1,卫, , , , , , , , ,"
",/,"
", , , , , , , , , , ,高,楼,层, , , , , , , , , , , , , , , , , , , , , , , , ,（,6,层,）,"
", , , , , , , , , , , , , , , , , , ,"
",Not available,1759-1809 元/月
整租·惠工东村 2室1厅 南,https://image1.ljcdn.com/320300-inspection/061b48ef-e869-4128-a97d-5ba701d5585c.jpg.250x182.jpg,"
",泉,山,区,-,翟,山,-,风,华,南,苑,"
",/,"
", , , , , , , , ,3,0,㎡,"
", , , , , , , , ,/,南, ,北, , , , , , , , ,/,"
", , , , , , , , , , ,1,室,1,厅,1,卫, , , , , , , , ,"
",/,"
", , , , , , , , , , ,高,楼,层, , , , , , , , , , , , , , , , , , , , , , , , ,（,6,层,）,"
", , , , , , , , , , , , , , , , , , ,"
",新上,800 元/月
独栋·泊寓 新里程社区 F户型 开间,https://image1.ljcdn.com/rent-user-avatar/5931a00e-9aa1-48ec-ac3e-b86b66134993.250x182.jpg,"
",泉,山,区,-,翟,山,-,风,华,南,苑,"
",/,"
", , , , , , , , ,3,0,㎡,"
", , , , , , , , ,/,南, ,北, , , , , , , , ,/,"
", , , , , , , , , , ,1,室,1,厅,1,卫, , , , , , , , ,"
",/,"
", , , , , , , , , , ,高,楼,层, , , , , , , , , , , , , , , , , , , , , , , , ,（,6,层,）,"
", , , , , , , , , , , , , , , , , , ,"
",Not available,1879-1916 元/月
整租·文欣花园 3室2厅 南,https://image1.ljcdn.com/320300-inspection/a811086e-9329-4499-9efa-5ffd5dab1070.jpg.250x182.jpg,"
",泉,山,区,-,翟,山,-,风,华,南,苑,"
",/,"
", , , , , , , , ,3,0,㎡,"
", , , , , , , , ,/,南, ,北, , , , , , , , ,/,"
", , , , , , , , , , ,1,室,1,厅,1,卫, , , , , , , , ,"
",/,"
", , , , , , , , , , ,高,楼,层, , , , , , , , , , , , , , , , , , , , , , , , ,（,6,层,）,"
", , , , , , , , , , , , , , , , , , ,"
",新上,900 元/月
整租·鼎瑞雅居 1室1厅 南,https://image1.ljcdn.com/320300-inspection/c1fda2ee-9728-41c0-9062-5709da0957b7.jpg.250x182.jpg,"
",泉,山,区,-,翟,山,-,风,华,南,苑,"
",/,"
", , , , , , , , ,3,0,㎡,"
", , , , , , , , ,/,南, ,北, , , , , , , , ,/,"
", , , , , , , , , , ,1,室,1,厅,1,卫, , , , , , , , ,"
",/,"
", , , , , , , , , , ,高,楼,层, , , , , , , , , , , , , , , , , , , , , , , , ,（,6,层,）,"
", , , , , , , , , , , , , , , , , , ,"
",新上,800 元/月
整租·南京路西一街 3室1厅 东南/南,https://image1.ljcdn.com/320300-inspection/b97d8745-534f-4d03-8f41-51bb3b39a043.jpg.250x182.jpg,"
",泉,山,区,-,翟,山,-,风,华,南,苑,"
",/,"
", , , , , , , , ,3,0,㎡,"
", , , , , , , , ,/,南, ,北, , , , , , , , ,/,"
", , , , , , , , , , ,1,室,1,厅,1,卫, , , , , , , , ,"
",/,"
", , , , , , , , , , ,高,楼,层, , , , , , , , , , , , , , , , , , , , , , , , ,（,6,层,）,"
", , , , , , , , , , , , , , , , , , ,"
",新上,650 元/月
合租·润金城二期 3居室 南卧,https://image1.ljcdn.com/320300-inspection/e7b434e7-eda4-4b6c-94db-3383e85c7541.jpg.250x182.jpg,"
",泉,山,区,-,翟,山,-,风,华,南,苑,"
",/,"
", , , , , , , , ,3,0,㎡,"
", , , , , , , , ,/,南, ,北, , , , , , , , ,/,"
", , , , , , , , , , ,1,室,1,厅,1,卫, , , , , , , , ,"
",/,"
", , , , , , , , , , ,高,楼,层, , , , , , , , , , , , , , , , , , , , , , , , ,（,6,层,）,"
", , , , , , , , , , , , , , , , , , ,"
",新上,1000 元/月
